-- MySQL dump 10.13  Distrib 8.0.38, for macos14 (x86_64)
--
-- Host: localhost    Database: vertexco
-- ------------------------------------------------------
-- Server version	9.0.1

/*!40101 SET @OLD_CHARACTER_SET_CLIENT=@@CHARACTER_SET_CLIENT */;
/*!40101 SET @OLD_CHARACTER_SET_RESULTS=@@CHARACTER_SET_RESULTS */;
/*!40101 SET @OLD_COLLATION_CONNECTION=@@COLLATION_CONNECTION */;
/*!50503 SET NAMES utf8 */;
/*!40103 SET @OLD_TIME_ZONE=@@TIME_ZONE */;
/*!40103 SET TIME_ZONE='+00:00' */;
/*!40014 SET @OLD_UNIQUE_CHECKS=@@UNIQUE_CHECKS, UNIQUE_CHECKS=0 */;
/*!40014 SET @OLD_FOREIGN_KEY_CHECKS=@@FOREIGN_KEY_CHECKS, FOREIGN_KEY_CHECKS=0 */;
/*!40101 SET @OLD_SQL_MODE=@@SQL_MODE, SQL_MODE='NO_AUTO_VALUE_ON_ZERO' */;
/*!40111 SET @OLD_SQL_NOTES=@@SQL_NOTES, SQL_NOTES=0 */;

--
-- Table structure for table `brands`
--

DROP TABLE IF EXISTS `brands`;
/*!40101 SET @saved_cs_client     = @@character_set_client */;
/*!50503 SET character_set_client = utf8mb4 */;
CREATE TABLE `brands` (
  `id` bigint unsigned NOT NULL AUTO_INCREMENT,
  `name` varchar(255) CHARACTER SET utf8mb4 COLLATE utf8mb4_unicode_ci NOT NULL,
  `description` text CHARACTER SET utf8mb4 COLLATE utf8mb4_unicode_ci,
  `image_url` varchar(255) CHARACTER SET utf8mb4 COLLATE utf8mb4_unicode_ci DEFAULT NULL,
  `status` varchar(255) CHARACTER SET utf8mb4 COLLATE utf8mb4_unicode_ci NOT NULL,
  `created_at` timestamp NULL DEFAULT NULL,
  `updated_at` timestamp NULL DEFAULT NULL,
  PRIMARY KEY (`id`)
) ENGINE=InnoDB DEFAULT CHARSET=utf8mb4 COLLATE=utf8mb4_unicode_ci;
/*!40101 SET character_set_client = @saved_cs_client */;

--
-- Dumping data for table `brands`
--

LOCK TABLES `brands` WRITE;
/*!40000 ALTER TABLE `brands` DISABLE KEYS */;
/*!40000 ALTER TABLE `brands` ENABLE KEYS */;
UNLOCK TABLES;

--
-- Table structure for table `categories`
--

DROP TABLE IF EXISTS `categories`;
/*!40101 SET @saved_cs_client     = @@character_set_client */;
/*!50503 SET character_set_client = utf8mb4 */;
CREATE TABLE `categories` (
  `id` bigint unsigned NOT NULL AUTO_INCREMENT,
  `name` varchar(255) CHARACTER SET utf8mb4 COLLATE utf8mb4_unicode_ci NOT NULL,
  `description` text CHARACTER SET utf8mb4 COLLATE utf8mb4_unicode_ci,
  `created_at` timestamp NULL DEFAULT NULL,
  `updated_at` timestamp NULL DEFAULT NULL,
  `image_url` varchar(255) CHARACTER SET utf8mb4 COLLATE utf8mb4_unicode_ci DEFAULT NULL,
  `status` varchar(255) CHARACTER SET utf8mb4 COLLATE utf8mb4_unicode_ci NOT NULL,
  `type` tinyint NOT NULL DEFAULT '1',
  PRIMARY KEY (`id`)
) ENGINE=InnoDB AUTO_INCREMENT=10 DEFAULT CHARSET=utf8mb4 COLLATE=utf8mb4_unicode_ci;
/*!40101 SET character_set_client = @saved_cs_client */;

--
-- Dumping data for table `categories`
--

LOCK TABLES `categories` WRITE;
/*!40000 ALTER TABLE `categories` DISABLE KEYS */;
INSERT INTO `categories` VALUES (1,'Blogs','<p>Quà cưới</p>','2023-12-25 14:58:39','2023-12-30 02:46:04','images/trw9gUJi3NF6EH4SQweVzwwCyEpt79stWmVOuoHZ.jpg','published',1),(2,'Quà sinh nhật','<p>Quà sinh nhật</p>','2023-12-25 14:59:12','2023-12-25 14:59:12','images/4wmwlxxCJPGUbsnQidi1IfGYVYatoNrPrXu93c3i.jpg','published',2),(3,'Quà tặng valentine','<p>Quà tặng valentine</p>','2023-12-25 14:59:36','2023-12-25 14:59:36','images/CuHCyQ1kvmunpcisCOF9pEmutcCxJHHcjZCqwyG0.jpg','published',2),(4,'Quà tặng cho nam','<p>Quà tặng cho nam</p>','2023-12-25 15:01:01','2023-12-25 15:01:01','images/rPbq5YO83RGNYIPYAaIYnwAOrFdhjXsIxBjIc8Uj.jpg','published',2),(5,'Thiệp, bưu thiếp','<p>Thiệp, bưu thiếp</p>','2023-12-25 15:01:43','2023-12-25 15:01:43','images/e4OJbgJBZJnpJjsrWzyNmkHTFmDY8p3jigGL7REi.webp','published',2),(6,'Quà tặng bạn gái','<p>Quà tặng bạn gái</p>','2023-12-25 15:49:07','2023-12-25 15:49:19','images/0SvDWTelh5qb7qYkfVaE2i7ZB59MGoFzn618l4Ip.webp','published',2),(7,'Quà tặng thầy cô','<p>Quà tặng thầy cô</p>','2023-12-25 15:49:49','2023-12-25 15:50:20','images/hJWl6o9A7X3p74bj12k3CSCJqNxpqVY0oXEF68Gp.webp','published',2),(8,'Quà tặng thiếu nhi','<p>Quà tặng thiếu nhi</p>','2023-12-25 15:50:13','2023-12-25 15:50:13','images/XxAQJ3lhp4ztzXf6mipVCFseJmaHxOWEq1iMzYNr.jpg','published',2),(9,'Quà tặng decor','<p>Quà tặng decor</p>','2023-12-30 09:04:25','2023-12-30 09:04:25','images/mBArZmNtFbJSfequxBPJRgLoj4LmWp3G0MbRR32n.jpg','published',2);
/*!40000 ALTER TABLE `categories` ENABLE KEYS */;
UNLOCK TABLES;

--
-- Table structure for table `category_post`
--

DROP TABLE IF EXISTS `category_post`;
/*!40101 SET @saved_cs_client     = @@character_set_client */;
/*!50503 SET character_set_client = utf8mb4 */;
CREATE TABLE `category_post` (
  `id` bigint unsigned NOT NULL AUTO_INCREMENT,
  `category_id` bigint unsigned NOT NULL,
  `post_id` bigint unsigned NOT NULL,
  `created_at` timestamp NULL DEFAULT NULL,
  `updated_at` timestamp NULL DEFAULT NULL,
  `deleted_at` timestamp NULL DEFAULT NULL,
  PRIMARY KEY (`id`)
) ENGINE=InnoDB AUTO_INCREMENT=6 DEFAULT CHARSET=utf8mb4 COLLATE=utf8mb4_unicode_ci;
/*!40101 SET character_set_client = @saved_cs_client */;

--
-- Dumping data for table `category_post`
--

LOCK TABLES `category_post` WRITE;
/*!40000 ALTER TABLE `category_post` DISABLE KEYS */;
INSERT INTO `category_post` VALUES (1,9,1,NULL,NULL,NULL),(2,9,2,NULL,NULL,NULL),(4,9,4,NULL,NULL,NULL),(5,1,3,NULL,NULL,NULL);
/*!40000 ALTER TABLE `category_post` ENABLE KEYS */;
UNLOCK TABLES;

--
-- Table structure for table `category_product`
--

DROP TABLE IF EXISTS `category_product`;
/*!40101 SET @saved_cs_client     = @@character_set_client */;
/*!50503 SET character_set_client = utf8mb4 */;
CREATE TABLE `category_product` (
  `id` bigint unsigned NOT NULL AUTO_INCREMENT,
  `category_id` bigint unsigned NOT NULL,
  `product_id` bigint unsigned NOT NULL,
  `created_at` timestamp NULL DEFAULT NULL,
  `updated_at` timestamp NULL DEFAULT NULL,
  PRIMARY KEY (`id`)
) ENGINE=InnoDB AUTO_INCREMENT=21 DEFAULT CHARSET=utf8mb4 COLLATE=utf8mb4_unicode_ci;
/*!40101 SET character_set_client = @saved_cs_client */;

--
-- Dumping data for table `category_product`
--

LOCK TABLES `category_product` WRITE;
/*!40000 ALTER TABLE `category_product` DISABLE KEYS */;
INSERT INTO `category_product` VALUES (1,6,1,NULL,NULL),(2,6,2,NULL,NULL),(3,3,2,NULL,NULL),(4,2,3,NULL,NULL),(5,8,4,NULL,NULL),(6,6,4,NULL,NULL),(7,7,5,NULL,NULL),(8,4,5,NULL,NULL),(9,3,5,NULL,NULL),(10,8,6,NULL,NULL),(11,6,6,NULL,NULL),(12,1,6,NULL,NULL),(13,3,7,NULL,NULL),(14,2,7,NULL,NULL),(15,8,8,NULL,NULL),(16,7,8,NULL,NULL),(17,6,8,NULL,NULL),(18,4,8,NULL,NULL),(19,2,9,NULL,NULL),(20,2,10,NULL,NULL);
/*!40000 ALTER TABLE `category_product` ENABLE KEYS */;
UNLOCK TABLES;

--
-- Table structure for table `colors`
--

DROP TABLE IF EXISTS `colors`;
/*!40101 SET @saved_cs_client     = @@character_set_client */;
/*!50503 SET character_set_client = utf8mb4 */;
CREATE TABLE `colors` (
  `id` bigint unsigned NOT NULL AUTO_INCREMENT,
  `value` varchar(255) CHARACTER SET utf8mb4 COLLATE utf8mb4_unicode_ci NOT NULL,
  `created_at` timestamp NULL DEFAULT NULL,
  `updated_at` timestamp NULL DEFAULT NULL,
  PRIMARY KEY (`id`)
) ENGINE=InnoDB DEFAULT CHARSET=utf8mb4 COLLATE=utf8mb4_unicode_ci;
/*!40101 SET character_set_client = @saved_cs_client */;

--
-- Dumping data for table `colors`
--

LOCK TABLES `colors` WRITE;
/*!40000 ALTER TABLE `colors` DISABLE KEYS */;
/*!40000 ALTER TABLE `colors` ENABLE KEYS */;
UNLOCK TABLES;

--
-- Table structure for table `customers`
--

DROP TABLE IF EXISTS `customers`;
/*!40101 SET @saved_cs_client     = @@character_set_client */;
/*!50503 SET character_set_client = utf8mb4 */;
CREATE TABLE `customers` (
  `id` bigint unsigned NOT NULL AUTO_INCREMENT,
  `name` varchar(255) COLLATE utf8mb4_unicode_ci DEFAULT NULL,
  `email` varchar(255) COLLATE utf8mb4_unicode_ci DEFAULT NULL,
  `phone` varchar(255) COLLATE utf8mb4_unicode_ci DEFAULT NULL,
  `content` text COLLATE utf8mb4_unicode_ci,
  `deleted_at` timestamp NULL DEFAULT NULL,
  `created_at` timestamp NULL DEFAULT NULL,
  `updated_at` timestamp NULL DEFAULT NULL,
  PRIMARY KEY (`id`)
) ENGINE=InnoDB AUTO_INCREMENT=7 DEFAULT CHARSET=utf8mb4 COLLATE=utf8mb4_unicode_ci;
/*!40101 SET character_set_client = @saved_cs_client */;

--
-- Dumping data for table `customers`
--

LOCK TABLES `customers` WRITE;
/*!40000 ALTER TABLE `customers` DISABLE KEYS */;
INSERT INTO `customers` VALUES (1,'Vũ Minh Hiếu','hieuvm@topcv.vn','0366951603','dfgdfg',NULL,'2025-03-06 12:50:40','2025-03-06 12:50:40'),(2,'Vũ Minh Hiếu','hieuvm@topcv.vn','0366951603','erstyr',NULL,'2025-03-06 12:52:20','2025-03-06 12:52:20'),(3,'Vũ Minh Hiếu','hieuvm@topcv.vn','0366951603','fhju',NULL,'2025-03-06 12:53:53','2025-03-06 12:53:53'),(4,'Vũ Minh Hiếu','hieuvm@topcv.vn','0366951603',NULL,NULL,'2025-03-06 12:54:51','2025-03-06 12:54:51'),(5,'Vũ Minh Hiếu','hieuvm@topcv.vn','0366951603','ádfsfsd',NULL,'2025-03-08 13:30:12','2025-03-08 13:30:12'),(6,'Vũ Minh Hiếu','hieuvm@topcv.vn','0366951603','hehehhehehe',NULL,'2025-03-08 13:30:27','2025-03-08 13:30:27');
/*!40000 ALTER TABLE `customers` ENABLE KEYS */;
UNLOCK TABLES;

--
-- Table structure for table `discounts`
--

DROP TABLE IF EXISTS `discounts`;
/*!40101 SET @saved_cs_client     = @@character_set_client */;
/*!50503 SET character_set_client = utf8mb4 */;
CREATE TABLE `discounts` (
  `id` bigint unsigned NOT NULL AUTO_INCREMENT,
  `name` varchar(255) CHARACTER SET utf8mb4 COLLATE utf8mb4_unicode_ci NOT NULL,
  `description` text CHARACTER SET utf8mb4 COLLATE utf8mb4_unicode_ci,
  `discount_percentage` int NOT NULL,
  `created_at` timestamp NULL DEFAULT NULL,
  `updated_at` timestamp NULL DEFAULT NULL,
  PRIMARY KEY (`id`)
) ENGINE=InnoDB DEFAULT CHARSET=utf8mb4 COLLATE=utf8mb4_unicode_ci;
/*!40101 SET character_set_client = @saved_cs_client */;

--
-- Dumping data for table `discounts`
--

LOCK TABLES `discounts` WRITE;
/*!40000 ALTER TABLE `discounts` DISABLE KEYS */;
/*!40000 ALTER TABLE `discounts` ENABLE KEYS */;
UNLOCK TABLES;

--
-- Table structure for table `failed_jobs`
--

DROP TABLE IF EXISTS `failed_jobs`;
/*!40101 SET @saved_cs_client     = @@character_set_client */;
/*!50503 SET character_set_client = utf8mb4 */;
CREATE TABLE `failed_jobs` (
  `id` bigint unsigned NOT NULL AUTO_INCREMENT,
  `uuid` varchar(255) CHARACTER SET utf8mb4 COLLATE utf8mb4_unicode_ci NOT NULL,
  `connection` text CHARACTER SET utf8mb4 COLLATE utf8mb4_unicode_ci NOT NULL,
  `queue` text CHARACTER SET utf8mb4 COLLATE utf8mb4_unicode_ci NOT NULL,
  `payload` longtext CHARACTER SET utf8mb4 COLLATE utf8mb4_unicode_ci NOT NULL,
  `exception` longtext CHARACTER SET utf8mb4 COLLATE utf8mb4_unicode_ci NOT NULL,
  `failed_at` timestamp NOT NULL DEFAULT CURRENT_TIMESTAMP,
  PRIMARY KEY (`id`),
  UNIQUE KEY `failed_jobs_uuid_unique` (`uuid`)
) ENGINE=InnoDB DEFAULT CHARSET=utf8mb4 COLLATE=utf8mb4_unicode_ci;
/*!40101 SET character_set_client = @saved_cs_client */;

--
-- Dumping data for table `failed_jobs`
--

LOCK TABLES `failed_jobs` WRITE;
/*!40000 ALTER TABLE `failed_jobs` DISABLE KEYS */;
/*!40000 ALTER TABLE `failed_jobs` ENABLE KEYS */;
UNLOCK TABLES;

--
-- Table structure for table `images`
--

DROP TABLE IF EXISTS `images`;
/*!40101 SET @saved_cs_client     = @@character_set_client */;
/*!50503 SET character_set_client = utf8mb4 */;
CREATE TABLE `images` (
  `id` bigint unsigned NOT NULL AUTO_INCREMENT,
  `product_id` bigint unsigned NOT NULL,
  `url` varchar(255) CHARACTER SET utf8mb4 COLLATE utf8mb4_unicode_ci NOT NULL,
  `created_at` timestamp NULL DEFAULT NULL,
  `updated_at` timestamp NULL DEFAULT NULL,
  PRIMARY KEY (`id`)
) ENGINE=InnoDB AUTO_INCREMENT=44 DEFAULT CHARSET=utf8mb4 COLLATE=utf8mb4_unicode_ci;
/*!40101 SET character_set_client = @saved_cs_client */;

--
-- Dumping data for table `images`
--

LOCK TABLES `images` WRITE;
/*!40000 ALTER TABLE `images` DISABLE KEYS */;
INSERT INTO `images` VALUES (1,1,'images/SahfN5YckjmbduVU8YhesMFJecJR1Ur7SwlwrT7r.webp','2023-12-25 16:08:27','2023-12-25 16:08:27'),(2,1,'images/Dhdb24U7BPDJtf8ERGKT21OW7yujgvsdVf5LxWS9.webp','2023-12-25 16:08:27','2023-12-25 16:08:27'),(3,1,'images/Y33ynp6RIy5dnu2hu97MW47Fb6hluQnWAb9cqVdb.webp','2023-12-25 16:08:27','2023-12-25 16:08:27'),(4,2,'images/aXZow9z0GRB6rzNtJkJwmhjQMMFEPMlx3TuIUpVH.webp','2023-12-25 16:10:55','2023-12-25 16:10:55'),(5,2,'images/c3uJwq8x0d0tsyk2OhoWxnaGOQYqLWaHUbpEPTMj.webp','2023-12-25 16:10:55','2023-12-25 16:10:55'),(6,2,'images/6kn0O8Fuxv5YqA9GxeP9hNUr5itqNW71z3B69weP.webp','2023-12-25 16:10:55','2023-12-25 16:10:55'),(7,2,'images/84WbLFGYQHXAvOyGlYQaHElF3b0Jdje3RsmHTCPq.webp','2023-12-25 16:10:55','2023-12-25 16:10:55'),(8,3,'images/c5hV6sAsb4j7BYzcPTC2CQaAZ57mzfsFKjNOVNoF.jpg','2023-12-30 02:53:10','2023-12-30 02:53:10'),(9,3,'images/mNAT7WThAhyLIHdpxfOiV0BJLm7xG6InlS1vPYpt.jpg','2023-12-30 02:53:10','2023-12-30 02:53:10'),(10,3,'images/fUEuUPAGfgyP7yngvrsZk1cq8vXpHSQHLvy9zWBz.jpg','2023-12-30 02:53:10','2023-12-30 02:53:10'),(11,3,'images/UsDBszID3Y9nVxJzVZZVczeczYT46EBH4XRdrhNR.jpg','2023-12-30 02:53:10','2023-12-30 02:53:10'),(12,4,'images/1ARxSSMn8JHD3YYZQaWBCOCrcmU6vcY9VVZIW5sQ.jpg','2023-12-30 02:58:22','2023-12-30 02:58:22'),(13,4,'images/PJwaGdABKYJmhIp0xw5jhAjSEWPa6WjPtFbEt2v0.jpg','2023-12-30 02:58:22','2023-12-30 02:58:22'),(14,4,'images/qtrcTd1pJGos81MtaKMTAu5pFIXbLEgu10iFsdJC.jpg','2023-12-30 02:58:22','2023-12-30 02:58:22'),(15,4,'images/UUPf5Hzbftk9zxaaApDM6uRygPXug80TAK20cB0j.jpg','2023-12-30 02:58:22','2023-12-30 02:58:22'),(16,5,'images/Km0uHoEZDsN17IyQN6NdzbbOQ4Xv8xPQGoS7pWoB.jpg','2023-12-30 03:00:03','2023-12-30 03:00:03'),(17,5,'images/8aAE0WgkrhPrWj7JnO0xRdy4dOWeZRh2aAEnGrKk.jpg','2023-12-30 03:00:03','2023-12-30 03:00:03'),(18,5,'images/QaBC8MYaw22TSaPRxq7HQqzPEFuI25Fl9hYPamnR.jpg','2023-12-30 03:00:03','2023-12-30 03:00:03'),(19,5,'images/KU5c7f73EPHlozRBt8Gmc1XpZhGcuBqUl0WNTMhJ.jpg','2023-12-30 03:00:03','2023-12-30 03:00:03'),(20,5,'images/pOPt1QUfAmRrbkFiwvoLY1MtlXibXkgBfriPksT2.jpg','2023-12-30 03:00:03','2023-12-30 03:00:03'),(21,6,'images/UU41JVstiKVOBCIt2DSG4pfQof1coKnaOlDRAQr0.jpg','2023-12-30 03:02:04','2023-12-30 03:02:04'),(22,6,'images/jynEEp5XFqSMdB4lgtuzmOH9GQZls9nz34bo26h9.jpg','2023-12-30 03:02:04','2023-12-30 03:02:04'),(23,6,'images/Bs2JygUnWhSA6JsKswkDjKDiYApAUF2t5YBAexpy.jpg','2023-12-30 03:02:04','2023-12-30 03:02:04'),(24,6,'images/cHAQu64Sm5laIfcKZ9zO6ZPnfYJw1hPxq39P0QAm.jpg','2023-12-30 03:02:04','2023-12-30 03:02:04'),(25,7,'images/DYCqlY7a36SHf1iixdlvMroIL8x2y3YE8AQsDfyM.jpg','2023-12-30 08:56:11','2023-12-30 08:56:11'),(26,7,'images/RKmGl5n0hNnDSo79aJdBmYPr9gfUV7yVN05K2eRW.jpg','2023-12-30 08:56:11','2023-12-30 08:56:11'),(27,7,'images/bWSgE4rJzagWhRGK1HI1lGXA2u4QetHeayPFZYkZ.jpg','2023-12-30 08:56:11','2023-12-30 08:56:11'),(28,7,'images/pfzpcWWiJZRVk2NowSdrGhjArGmk6RoyzkJ65NiX.jpg','2023-12-30 08:56:11','2023-12-30 08:56:11'),(29,7,'images/RcaPkaUOyIjgvANDuL9dva5fCY9MiwaXqH6obM4g.jpg','2023-12-30 08:56:11','2023-12-30 08:56:11'),(30,8,'images/2JbBfSBHMB7rUBxIIjw6UlpU2D1K2ww1y6sUttw4.jpg','2023-12-30 08:59:05','2023-12-30 08:59:05'),(31,8,'images/ZvI5DeFdxqN7dtAPmR8pYJEXfSOkWm98ArhWitQN.jpg','2023-12-30 08:59:05','2023-12-30 08:59:05'),(32,8,'images/VCa85tFog7Fei2YPFMuM8Cl8WSSHMYUkfYMHh9ly.jpg','2023-12-30 08:59:05','2023-12-30 08:59:05'),(33,8,'images/iOWEwfT40o1WdQQd9jWdYoOLqVWv3hD8ApObRZCO.jpg','2023-12-30 08:59:05','2023-12-30 08:59:05'),(34,8,'images/tnItFUk73gOxMegLcKM3QaxJeMF0LVM1WxQKRz4F.jpg','2023-12-30 08:59:05','2023-12-30 08:59:05'),(35,9,'images/SpvMEqvvdU7wVdHvF70HoiM0fphQKbxPtOHxh62l.jpg','2023-12-30 09:01:53','2023-12-30 09:01:53'),(36,9,'images/4rGalPdGuikdvILhPCAHvpvV7WnaZJ5sdhVcV8Cb.jpg','2023-12-30 09:01:53','2023-12-30 09:01:53'),(37,9,'images/u15nxcCojf7lX7ZtF01dWNvx80YK6qLHLuVY2FjD.jpg','2023-12-30 09:01:53','2023-12-30 09:01:53'),(38,9,'images/gLXXqiVwH7LGbtnrxyiQtP6o2ehCFP5q6CLSxO0L.jpg','2023-12-30 09:01:53','2023-12-30 09:01:53'),(39,9,'images/HclnrvliHm1MF8rlKdP4JodX5mWJojKKJVzNoZZi.jpg','2023-12-30 09:01:53','2023-12-30 09:01:53'),(40,10,'images/etKll2WCslVLwq9xJ1rJTw6DBKrpKAivNpDtE8xb.jpg','2023-12-30 09:03:56','2023-12-30 09:03:56'),(41,10,'images/oMkptmNbhqWZ2IG60JOuKeA8lqT0LWX8Pu3PdtWY.jpg','2023-12-30 09:03:56','2023-12-30 09:03:56'),(42,10,'images/9NzNtFM7EDqWCG9nPI9qGZ2vI5osMqFrIHvxISMo.jpg','2023-12-30 09:03:56','2023-12-30 09:03:56'),(43,10,'images/S9OPndlB2xL7cBcwYeZlBddXtIK0UVcCPJVIZ6oQ.jpg','2023-12-30 09:03:56','2023-12-30 09:03:56');
/*!40000 ALTER TABLE `images` ENABLE KEYS */;
UNLOCK TABLES;

--
-- Table structure for table `migrations`
--

DROP TABLE IF EXISTS `migrations`;
/*!40101 SET @saved_cs_client     = @@character_set_client */;
/*!50503 SET character_set_client = utf8mb4 */;
CREATE TABLE `migrations` (
  `id` int unsigned NOT NULL AUTO_INCREMENT,
  `migration` varchar(255) CHARACTER SET utf8mb4 COLLATE utf8mb4_unicode_ci NOT NULL,
  `batch` int NOT NULL,
  PRIMARY KEY (`id`)
) ENGINE=InnoDB AUTO_INCREMENT=41 DEFAULT CHARSET=utf8mb4 COLLATE=utf8mb4_unicode_ci;
/*!40101 SET character_set_client = @saved_cs_client */;

--
-- Dumping data for table `migrations`
--

LOCK TABLES `migrations` WRITE;
/*!40000 ALTER TABLE `migrations` DISABLE KEYS */;
INSERT INTO `migrations` VALUES (1,'2014_10_12_000000_create_users_table',1),(2,'2014_10_12_100000_create_password_resets_table',1),(3,'2014_10_12_200000_add_two_factor_columns_to_users_table',1),(4,'2019_08_19_000000_create_failed_jobs_table',1),(5,'2019_12_14_000001_create_personal_access_tokens_table',1),(6,'2022_09_29_134750_create_products_table',1),(7,'2022_09_29_134838_create_categories_table',1),(8,'2022_09_29_135629_create_category_product_table',1),(9,'2022_09_29_135830_create_images_table',1),(10,'2022_09_29_135914_create_discounts_table',1),(11,'2022_09_29_140046_create_orders_table',1),(12,'2022_09_29_140244_create_product_order_table',1),(13,'2022_09_29_140359_create_reviews_table',1),(14,'2022_09_29_153230_create_permission_tables',1),(15,'2022_10_01_033539_add_columns_to_categories_table',1),(16,'2022_10_02_144603_add_lang_to_users_table',1),(17,'2022_10_03_141237_make_columns_nullable_in_users_table',1),(18,'2022_10_05_090314_make_image_url_nullable_in_categories_table',1),(19,'2022_10_05_152751_modify_products_table',1),(20,'2022_10_12_160228_add_display_name_to_permissions_table',1),(21,'2022_11_22_220708_modify_products_table',1),(22,'2022_11_26_113406_create_ratings_table',1),(23,'2022_11_30_220904_add_instruction_to_products_table',1),(24,'2022_12_01_234344_add_is_active_to_ratings_table',1),(25,'2022_12_16_190306_add_tax_to_orders_table',1),(26,'2022_12_21_213547_add_price_to_product_order_table',1),(27,'2023_01_03_225055_add_code_to_orders_table',1),(28,'2023_01_07_213151_create_statistics_table',1),(29,'2023_03_18_122936_create_sizes_table',1),(30,'2023_03_18_123005_create_colors_table',1),(31,'2023_03_18_123219_create_product_variants_table',1),(32,'2023_03_18_123245_modify_products_table',1),(33,'2023_03_18_212352_create_brands_table',1),(34,'2023_03_28_205638_modify_product_order_table',1),(35,'2023_04_01_112445_drop_reviews_table',1),(36,'2023_06_09_220026_modify_orders_table',1),(37,'2023_12_25_230340_add_quantity_to_products_table',2),(39,'2025_03_06_194130_create_customers_table',3),(40,'2025_03_07_223739_create_posts_table',4);
/*!40000 ALTER TABLE `migrations` ENABLE KEYS */;
UNLOCK TABLES;

--
-- Table structure for table `model_has_permissions`
--

DROP TABLE IF EXISTS `model_has_permissions`;
/*!40101 SET @saved_cs_client     = @@character_set_client */;
/*!50503 SET character_set_client = utf8mb4 */;
CREATE TABLE `model_has_permissions` (
  `permission_id` bigint unsigned NOT NULL,
  `model_type` varchar(255) CHARACTER SET utf8mb4 COLLATE utf8mb4_unicode_ci NOT NULL,
  `model_id` bigint unsigned NOT NULL,
  PRIMARY KEY (`permission_id`,`model_id`,`model_type`),
  KEY `model_has_permissions_model_id_model_type_index` (`model_id`,`model_type`),
  CONSTRAINT `model_has_permissions_permission_id_foreign` FOREIGN KEY (`permission_id`) REFERENCES `permissions` (`id`) ON DELETE CASCADE
) ENGINE=InnoDB DEFAULT CHARSET=utf8mb4 COLLATE=utf8mb4_unicode_ci;
/*!40101 SET character_set_client = @saved_cs_client */;

--
-- Dumping data for table `model_has_permissions`
--

LOCK TABLES `model_has_permissions` WRITE;
/*!40000 ALTER TABLE `model_has_permissions` DISABLE KEYS */;
/*!40000 ALTER TABLE `model_has_permissions` ENABLE KEYS */;
UNLOCK TABLES;

--
-- Table structure for table `model_has_roles`
--

DROP TABLE IF EXISTS `model_has_roles`;
/*!40101 SET @saved_cs_client     = @@character_set_client */;
/*!50503 SET character_set_client = utf8mb4 */;
CREATE TABLE `model_has_roles` (
  `role_id` bigint unsigned NOT NULL,
  `model_type` varchar(255) CHARACTER SET utf8mb4 COLLATE utf8mb4_unicode_ci NOT NULL,
  `model_id` bigint unsigned NOT NULL,
  PRIMARY KEY (`role_id`,`model_id`,`model_type`),
  KEY `model_has_roles_model_id_model_type_index` (`model_id`,`model_type`),
  CONSTRAINT `model_has_roles_role_id_foreign` FOREIGN KEY (`role_id`) REFERENCES `roles` (`id`) ON DELETE CASCADE
) ENGINE=InnoDB DEFAULT CHARSET=utf8mb4 COLLATE=utf8mb4_unicode_ci;
/*!40101 SET character_set_client = @saved_cs_client */;

--
-- Dumping data for table `model_has_roles`
--

LOCK TABLES `model_has_roles` WRITE;
/*!40000 ALTER TABLE `model_has_roles` DISABLE KEYS */;
INSERT INTO `model_has_roles` VALUES (1,'App\\Models\\User',1),(1,'App\\Models\\User',4),(1,'App\\Models\\User',5),(1,'App\\Models\\User',8),(1,'App\\Models\\User',9);
/*!40000 ALTER TABLE `model_has_roles` ENABLE KEYS */;
UNLOCK TABLES;

--
-- Table structure for table `orders`
--

DROP TABLE IF EXISTS `orders`;
/*!40101 SET @saved_cs_client     = @@character_set_client */;
/*!50503 SET character_set_client = utf8mb4 */;
CREATE TABLE `orders` (
  `id` bigint unsigned NOT NULL AUTO_INCREMENT,
  `status` varchar(255) CHARACTER SET utf8mb4 COLLATE utf8mb4_unicode_ci NOT NULL,
  `total` int NOT NULL,
  `delivery_address` varchar(255) CHARACTER SET utf8mb4 COLLATE utf8mb4_unicode_ci NOT NULL,
  `note` text CHARACTER SET utf8mb4 COLLATE utf8mb4_unicode_ci,
  `user_id` bigint unsigned NOT NULL,
  `created_at` timestamp NULL DEFAULT NULL,
  `updated_at` timestamp NULL DEFAULT NULL,
  `tax` int NOT NULL DEFAULT '0',
  `code` varchar(255) CHARACTER SET utf8mb4 COLLATE utf8mb4_unicode_ci NOT NULL DEFAULT '',
  `payment_id` varchar(255) CHARACTER SET utf8mb4 COLLATE utf8mb4_unicode_ci DEFAULT NULL,
  `is_active` tinyint(1) NOT NULL DEFAULT '1',
  PRIMARY KEY (`id`)
) ENGINE=InnoDB AUTO_INCREMENT=13 DEFAULT CHARSET=utf8mb4 COLLATE=utf8mb4_unicode_ci;
/*!40101 SET character_set_client = @saved_cs_client */;

--
-- Dumping data for table `orders`
--

LOCK TABLES `orders` WRITE;
/*!40000 ALTER TABLE `orders` DISABLE KEYS */;
INSERT INTO `orders` VALUES (2,'pending',864000,'Hai Ba Trung',NULL,2,'2023-12-30 08:46:34','2025-02-25 13:21:50',64000,'EG0002',NULL,1),(3,'confirmed',97200,'Hai Ba Trung',NULL,3,'2023-12-30 08:46:30','2023-12-30 08:46:30',7200,'EG0003',NULL,1),(4,'paid',97200,'Hai Ba Trung',NULL,3,'2023-12-30 08:46:27','2023-12-30 08:46:27',7200,'EG0004',NULL,1),(5,'delivering',97200,'Hai Ba Trung',NULL,3,'2023-12-30 08:46:24','2023-12-30 08:46:24',7200,'EG0005',NULL,1),(6,'delivered',97200,'Hai Ba Trung',NULL,3,'2023-12-30 04:39:17','2023-12-30 08:46:18',7200,'EG0006',NULL,1),(7,'canceled',97200,'Hai Ba Trung',NULL,3,'2023-12-30 04:39:52','2023-12-30 08:46:21',7200,'EG0007','PAYID-MWHZ6GQ82743233SC207115K',1),(8,'pending',157680,'Hai Ba Trung',NULL,3,'2023-12-31 04:07:59','2023-12-31 04:07:59',11680,'EG0008',NULL,1),(9,'canceled',97200,'HBT',NULL,1,'2023-12-31 05:18:32','2023-12-31 05:18:52',7200,'EG0009',NULL,1),(10,'pending',243000,'Hai Ba Trung',NULL,1,'2024-01-14 15:26:21','2024-01-14 15:26:21',18000,'EG00010',NULL,0),(11,'Paypal paid',243000,'Hai Ba Trung',NULL,1,'2024-01-14 15:27:41','2024-01-14 15:28:09',18000,'EG00011','PAYID-MWR723Y79R426553X207654E',1),(12,'pending',48600,'HANOI',NULL,1,'2024-01-14 15:31:35','2024-01-14 15:31:36',3600,'EG00012','PAYID-MWR74WI65K02218FK717422T',0);
/*!40000 ALTER TABLE `orders` ENABLE KEYS */;
UNLOCK TABLES;

--
-- Table structure for table `password_resets`
--

DROP TABLE IF EXISTS `password_resets`;
/*!40101 SET @saved_cs_client     = @@character_set_client */;
/*!50503 SET character_set_client = utf8mb4 */;
CREATE TABLE `password_resets` (
  `email` varchar(255) CHARACTER SET utf8mb4 COLLATE utf8mb4_unicode_ci NOT NULL,
  `token` varchar(255) CHARACTER SET utf8mb4 COLLATE utf8mb4_unicode_ci NOT NULL,
  `created_at` timestamp NULL DEFAULT NULL,
  KEY `password_resets_email_index` (`email`)
) ENGINE=InnoDB DEFAULT CHARSET=utf8mb4 COLLATE=utf8mb4_unicode_ci;
/*!40101 SET character_set_client = @saved_cs_client */;

--
-- Dumping data for table `password_resets`
--

LOCK TABLES `password_resets` WRITE;
/*!40000 ALTER TABLE `password_resets` DISABLE KEYS */;
/*!40000 ALTER TABLE `password_resets` ENABLE KEYS */;
UNLOCK TABLES;

--
-- Table structure for table `permissions`
--

DROP TABLE IF EXISTS `permissions`;
/*!40101 SET @saved_cs_client     = @@character_set_client */;
/*!50503 SET character_set_client = utf8mb4 */;
CREATE TABLE `permissions` (
  `id` bigint unsigned NOT NULL AUTO_INCREMENT,
  `name` varchar(255) CHARACTER SET utf8mb4 COLLATE utf8mb4_unicode_ci NOT NULL,
  `guard_name` varchar(255) CHARACTER SET utf8mb4 COLLATE utf8mb4_unicode_ci NOT NULL,
  `created_at` timestamp NULL DEFAULT NULL,
  `updated_at` timestamp NULL DEFAULT NULL,
  `display_name` varchar(255) CHARACTER SET utf8mb4 COLLATE utf8mb4_unicode_ci NOT NULL,
  PRIMARY KEY (`id`),
  UNIQUE KEY `permissions_name_guard_name_unique` (`name`,`guard_name`)
) ENGINE=InnoDB AUTO_INCREMENT=8 DEFAULT CHARSET=utf8mb4 COLLATE=utf8mb4_unicode_ci;
/*!40101 SET character_set_client = @saved_cs_client */;

--
-- Dumping data for table `permissions`
--

LOCK TABLES `permissions` WRITE;
/*!40000 ALTER TABLE `permissions` DISABLE KEYS */;
INSERT INTO `permissions` VALUES (1,'manage products','web','2023-12-30 02:48:55','2023-12-30 02:48:55','Quản lý sản phẩm'),(2,'manage categories','web','2023-12-30 02:48:55','2023-12-30 02:48:55','Quản lý danh mục sản phẩm'),(3,'manage orders','web','2023-12-30 02:48:55','2023-12-30 02:48:55','Quản lý đơn hàng'),(4,'manage reviews','web','2023-12-30 02:48:55','2023-12-30 02:48:55','Quản lý đánh giá, bình luận'),(5,'manage discounts','web','2023-12-30 02:48:55','2023-12-30 02:48:55','Quản lý mã giảm giá'),(6,'manage users','web','2023-12-30 02:48:55','2023-12-30 02:48:55','Quản lý tài khoản người dùng'),(7,'manage permissions','web','2023-12-30 02:48:55','2023-12-30 02:48:55','Quản lý phân quyền hệ thống');
/*!40000 ALTER TABLE `permissions` ENABLE KEYS */;
UNLOCK TABLES;

--
-- Table structure for table `personal_access_tokens`
--

DROP TABLE IF EXISTS `personal_access_tokens`;
/*!40101 SET @saved_cs_client     = @@character_set_client */;
/*!50503 SET character_set_client = utf8mb4 */;
CREATE TABLE `personal_access_tokens` (
  `id` bigint unsigned NOT NULL AUTO_INCREMENT,
  `tokenable_type` varchar(255) CHARACTER SET utf8mb4 COLLATE utf8mb4_unicode_ci NOT NULL,
  `tokenable_id` bigint unsigned NOT NULL,
  `name` varchar(255) CHARACTER SET utf8mb4 COLLATE utf8mb4_unicode_ci NOT NULL,
  `token` varchar(64) CHARACTER SET utf8mb4 COLLATE utf8mb4_unicode_ci NOT NULL,
  `abilities` text CHARACTER SET utf8mb4 COLLATE utf8mb4_unicode_ci,
  `last_used_at` timestamp NULL DEFAULT NULL,
  `expires_at` timestamp NULL DEFAULT NULL,
  `created_at` timestamp NULL DEFAULT NULL,
  `updated_at` timestamp NULL DEFAULT NULL,
  PRIMARY KEY (`id`),
  UNIQUE KEY `personal_access_tokens_token_unique` (`token`),
  KEY `personal_access_tokens_tokenable_type_tokenable_id_index` (`tokenable_type`,`tokenable_id`)
) ENGINE=InnoDB DEFAULT CHARSET=utf8mb4 COLLATE=utf8mb4_unicode_ci;
/*!40101 SET character_set_client = @saved_cs_client */;

--
-- Dumping data for table `personal_access_tokens`
--

LOCK TABLES `personal_access_tokens` WRITE;
/*!40000 ALTER TABLE `personal_access_tokens` DISABLE KEYS */;
/*!40000 ALTER TABLE `personal_access_tokens` ENABLE KEYS */;
UNLOCK TABLES;

--
-- Table structure for table `posts`
--

DROP TABLE IF EXISTS `posts`;
/*!40101 SET @saved_cs_client     = @@character_set_client */;
/*!50503 SET character_set_client = utf8mb4 */;
CREATE TABLE `posts` (
  `id` bigint unsigned NOT NULL AUTO_INCREMENT,
  `slug` varchar(255) COLLATE utf8mb4_unicode_ci NOT NULL,
  `title` varchar(255) COLLATE utf8mb4_unicode_ci NOT NULL,
  `excerpt` text COLLATE utf8mb4_unicode_ci,
  `content` text COLLATE utf8mb4_unicode_ci NOT NULL,
  `user_id` bigint unsigned NOT NULL,
  `thumbnail` varchar(255) COLLATE utf8mb4_unicode_ci DEFAULT NULL,
  `is_published` tinyint(1) NOT NULL DEFAULT '0',
  `is_featured` tinyint(1) NOT NULL DEFAULT '0',
  `order` int NOT NULL DEFAULT '1',
  `created_at` timestamp NULL DEFAULT NULL,
  `updated_at` timestamp NULL DEFAULT NULL,
  `deleted_at` timestamp NULL DEFAULT NULL,
  PRIMARY KEY (`id`),
  UNIQUE KEY `posts_slug_unique` (`slug`)
) ENGINE=InnoDB AUTO_INCREMENT=5 DEFAULT CHARSET=utf8mb4 COLLATE=utf8mb4_unicode_ci;
/*!40101 SET character_set_client = @saved_cs_client */;

--
-- Dumping data for table `posts`
--

LOCK TABLES `posts` WRITE;
/*!40000 ALTER TABLE `posts` DISABLE KEYS */;
INSERT INTO `posts` VALUES (2,'elon-musk-buy-ford-rumors-fact-vs-fiction-analyzed','Elon Musk Buy Ford Rumors – Fact vs. Fiction Analyzed','The timeline of these rumors takes us on a journey of evolving narratives, from whispers to wildfire, capturing the essence of this enigma. A notable milestone can be traced back to the summer of 2023 when a dynamic and somewhat speculative YouTube video surfaced, ostensibly offering the shocking revelation of Elon Musk purchasing Ford. This claim quickly garnered attention due to the high-profile nature of both entities in question.\r\n\r\nIt wasn’t long before this snowball gained momentum, with additional conjectures catapulting the conversation into the mainstream social media stratosphere by fall 2024. Speculations emerged, weaving a tapestry of potential synergies and conjectural mergers that were both riveting and misleading. Particula','<h3>Sources of the Rumor Regarding Elon Musk and Ford</h3><p>The origin of the rumor that Elon Musk bought Ford can be likened to the whispering winds of a technological tornado starting from what seemed a whisper, escalating quickly into a blizzard of speculation. The catalyst behind this storm was primarily a YouTube video released in June 2023 that captured imaginations and stoked public intrigue with its audacious, albeit unfounded, claim. The video, laden with dramatic flair and speculative excitement, suggested a reality that positioned Tesla and Ford on the precipice of an audacious merger an adventure that promised to reshape the landscape of the automotive sector entirely.</p><p>Indeed, it wasn\'t long before this viral sensation found fertile ground on social media platforms like Facebook and X (formerly Twitter), where opinions flew faster than the wind. Algorithms devoured the content, and the platforms, functioning as both echo chambers and multipliers, buoyed baseless narratives into the stratosphere of internet virality. Professional analyses or credible news sources were pushed aside in favor of sensationalism and dramatic posturing ironically showcasing the realities of modern-day digital information pathways.</p><ul><li><strong>Primary Factors Leading to the Rumor\'s Proliferation:</strong></li><li class=\"ql-indent-1\"><em>Viral Videos:</em>&nbsp;Misleading visuals conveyed authority, suggesting an impending industry shift.</li><li class=\"ql-indent-1\"><em>Social Media Amplification:</em>&nbsp;Platforms facilitated rapid spread without verification.</li><li class=\"ql-indent-1\"><em>Consumer Enthusiasm:</em>&nbsp;Eagerness for dramatic corporate dramas captured public imagination.</li></ul><p>As the buzz grew, reputable fact-checkers and credible news outlets, including Reuters and CNBC, exerted significant efforts to dispel the myths and debunk the fallacies being so eagerly consumed by the public. Both Tesla and Ford consistently denied these claims, with no official announcements from either side reinforcing the notion yet the tidal wave of misinformation wove its captivating fantasy, proving the power of the era’s digital narratives over perceptible truths. The integrity of the rumor was critiqued and rightfully dismantled though this underscores the necessity of vigilant media consumption and the continuous striving for clear, accessible, and truthful information.</p><p><img src=\"https://clickpetroleoegas.com.br/wp-content/uploads/2024/09/image-21-13.jpg\" alt=\"Sources of the rumor regarding elon musk and ford did buy\"></p><h3>Timeline of the Rumors: When Did They Start?</h3><p>The timeline of these rumors takes us on a journey of evolving narratives, from whispers to wildfire, capturing the essence of this enigma. A notable milestone can be traced back to the summer of 2023 when a dynamic and somewhat speculative YouTube video surfaced, ostensibly offering the shocking revelation of Elon Musk purchasing Ford. This claim quickly garnered attention due to the high-profile nature of both entities in question.</p><p>It wasn’t long before this snowball gained momentum, with additional conjectures catapulting the conversation into the mainstream social media stratosphere by fall 2024. Speculations emerged, weaving a tapestry of potential synergies and conjectural mergers that were both riveting and misleading. Particularly influential social media accounts began sharing posts that lent further visibility to the rumor, contributing to a crescendo of public intrigue and attention.</p><p>Detailed exploration of key developments reveals several distinctive points on this timeline:</p><ul><li><strong>June 2023:</strong>&nbsp;Initial video circulates, falsely announcing merger discussions.</li><li><strong>September 2023:</strong>&nbsp;Social media discussions amplify, contributing to viral traction.</li><li><strong>November 2024:</strong>&nbsp;Renewed interest as more speculative content emerges online.</li></ul><p>Throughout, cycles of speculation prompted renewed searches and narratives that eclipsed the tangible collaborations between Tesla and Ford, such as their notable agreement on utilizing Tesla\'s Supercharger Network a strategic alliance, devoid of ownership transitions. As the rumor mill churned, mainstream coverage focused more on clarifying the non-existent transaction, drawing greater attention to the necessity for discernment in digital-age news consumption.</p><p>Such patterns exemplify the siren\'s call of speculative content: a heady blend of excitement and storytelling that captivates and confounds in equal measure. The deceptive ease with which such narratives weave through our digital consciousness underscores the importance of having informed skepticism and dependence on authentic and reliable information sources. A critical lens remains crucial for navigating the ever-complex labyrinth of contemporary digital communications.</p><p><img src=\"https://genuinepartsdeal.com/wp-content/uploads/2024/11/image-15.jpeg\" alt=\"Timeline of the rumors: when did they start? elon musk buy ford\"></p><h2>Verification of the Claims</h2><p>Initial explorations into the origins of the Musk-Ford acquisition rumors surrounding the speculative narratives forced the robust need for clarity. Due to the vast proliferation of misinformation via platforms like YouTube and X, the noise overshadowed the credible dialogue. It remained essential to scrutinize the claims critically. Deep dives into reputable journalistic outlets aimed to discern the factual premises from the fantastical, stripping rumor of its enigmatic veil.</p><p>No concrete statements or announcements from Tesla or Ford supported the merger myth. Rather, both companies reiterated that the rumor was a misplaced narrative amplified in error by the digital age\'s propensity for rapid information flow. The speculative content was primarily detached from evidence, showing how easily narrative enthusiasm could overshadow verifiable consensus.</p><p><img src=\"https://s.hdnux.com/photos/01/42/65/37/25909188/5/ratio3x2_1920.jpg\" alt=\"Verification of the claims did elon musk buy ford\"></p><h3>Did Elon Musk Officially Announce Any Acquisition?</h3><p>As the speculative dust continued to settle, ardent followers looked towards a potential beacon of authenticity that could either confirm or dispel the swirling acquisition rumors that being an official announcement by Elon Musk himself. Yet, such anticipations were met not with a dramatic reveal but with the silent absence that spoke volumes; Musk had offered no declaration, tweet, or mention and hadn\'t set a narrative transition that would see Tesla absorbing Ford.</p><p>Musk, known for his candidness and selective social media engagement, maintained an unexpected silence on this particular topic. News outlets such as BBC, Forbes, and Reuters collectively recognized the disparity between the expansive spread of the rumor and the utter lack of correspondence from both Tesla and Ford’s corporate communications, which remained adamantly in contradiction to the acquisition fable.</p><p>It is important to recognize that in the realm of high-stakes corporate maneuvering, public statements or the lack thereof can significantly influence financial markets, consumer perception, and brand integrity. For Musk, whose words are often seen to catalyze and sometimes destabilize markets, the absence of an official stance signified a continuity in strategy rather than a paradigmatic shift into new corporate territories.</p><ul><li><strong>Entities and Activities Involved:</strong></li><li class=\"ql-indent-1\"><em>Tesla (TSLA) and Ford (F)</em>: Both companies reiterated their independent operations.</li><li class=\"ql-indent-1\"><em>Elon Musk</em>: Maintained strategic silence, negating rumor amplification.</li><li class=\"ql-indent-1\"><em>Financial Analysts</em>: Repeatedly sought verification with skepticism.</li></ul><p>Hence, the narrative largely unraveled not through a declarative press announcement but under the glaring scrutiny of high-profile digital investigations and an insistence on corporate transparency. The rumor\'s strength waned as truth demanded more than conjecture a pivotal lesson in collective media discernment and the pursuit of factual discourse amid enticing, albeit fictional, scenes.</p><p><img src=\"https://i.ytimg.com/vi/lpCZJzQbQO0/maxresdefault.jpg\" alt=\"Did elon musk officially announce any acquisition? buy ford\"></p><h3>What Have Reputable News Sources Reported?</h3><p>In the wake of the Musk-Ford rumor frenzy, reputable news sources assumed the mantle of investigative clarity determined to sift through the maelstrom of speculation to present a factual account. Outlets known for rigorous truths Forbes, CNN, Wall Street Journal among them cast discerning eyes over the reportage, intentioned to diminish chaos through journalistic integrity.</p><p>Primarily, they underscored a consistent theme: Elon Musk had not acquired Ford. Misleading digital content veiled reality, obscured by AI-generated visuals and speculative editorial tactics. The absence of any disclosure filings with clear SEC records swiftly undermined any claims of a major corporate transaction a necessity for legal financial reporting.</p><p>Moreover, professional analysts spoke candidly about the strategic implications such an acquisition would entail. The conversation pivoted more on objective dialogues relating to the recent Tesla-Ford partnership regarding Supercharger network accessibility, which was highlighted as a mutual benefit rather than an indicator of purchase.</p><ul><li><strong>Key Points from Reputable Reports:</strong></li><li class=\"ql-indent-1\"><em>Acquisition Claims Dismissed</em>: Musk\'s purchase of Ford categorically denied.</li><li class=\"ql-indent-1\"><em>Confirmation Via SEC Records</em>: Clear absence of filing reinforced no ownership change.</li><li class=\"ql-indent-1\"><em>Real Partnerships</em>: Coverage focused on the Supercharger collaboration’s strategic importance.</li></ul><p>These reports transcended narratives to aesthetically redirect focus from the chimeric and unconfirmed towards more substantive industry moves with impactful implications. The apparent takeaway coveted a return not just to traditional journalistic precision, but also to consumer mindfulness recognizing the need for navigation through perceived truths in evolving, information-rich contexts.</p><p><img src=\"https://genuinepartsdeal.com/wp-content/uploads/2024/11/image-3.webp\" alt=\"What have reputable news sources reported? did elon musk buy ford\"></p><h2>Contextual Background</h2><p>With the rumors fully dispelled by the light of verified investigations and declarations rooted solely in official corporate intent, the realm of contextual understanding became the channel for valuable insight. It provided a framework to better grasp the collaboration spectrum, illustrating alliances that held promise beyond acquisition fantasies. This represents a navigational compass for industry enthusiasts as they traverse the landscape that links corporate punctuations with effective automotive strategies.</p><p>How firms like Tesla and Ford dispense with rumors while magnifying constructive partnerships elucidates the adaptive intricacies of their relationship underpinning a burgeoning synergy driven by shared technological goals rather than ownership disputes.</p><h3>Previous Partnerships Between Tesla and Ford</h3><p>Tesla and&nbsp;<a href=\"https://genuinepartsdeal.com/ford-parts/\" rel=\"noopener noreferrer\" target=\"_blank\" style=\"color: rgb(13, 110, 253);\">Ford</a>, each titan of the automotive industry in its own right, have established noteworthy alliances, concocting vistas of strategic collaboration amid constantly evolving landscapes. Despite the contentions sparked by false acquisition buzz, these firms have demonstrated noteworthy cooperative ambitions without mergers overshadowing shared endeavors.</p><p>A pivotal partnership deserves recognition when Tesla agreed to open its Supercharging network to Ford\'s electric vehicles (EVs). A collaboration rooted in mutual benefits drove this initiative, addressing the ever-critical challenge of charging accessibility and infrastructure. The agreement, announced in May 2023, allows Ford’s EVs to harness Tesla\'s expansive network to bolster Ford\'s vision of increasing EV market penetration.</p><ul><li><strong>Key Agreements and Partnerships:</strong></li><li class=\"ql-indent-1\"><em>Supercharger Network Access</em>: Ford EV users to access Tesla\'s charging stations.</li><li class=\"ql-indent-1\"><em>Augmented Charging Options</em>: Enhanced consumer convenience at existing infrastructure.</li><li class=\"ql-indent-1\"><em>Strategic Win-Win</em>: Value addition through non-exclusive technology sharing.</li></ul><p>Tesla and Ford\'s cooperative engagements defy the constraints of conventional competition, establishing symbiotic synergies without relinquishing corporate sovereignty. While many anticipated sensation-fueled mergers, the reality is punctuated by insightful, smaller-scale alliances that leverage each entity\'s competitive leverage without engaging in outright corporate consolidation.</p><p>The strategic landscape that emerges, orchestrating collaboration over competition, signifies a pivotal moment for both Tesla and Ford. Not as antagonists locked in business duels but as partners exploring convergence a transformative factor for expanding electric vehicle adoption and infrastructural growth within the rapidly evolving market. It encapsulates how selective partnerships, grounded in innovation, can foster technological advancement and amplify global influence more sustainable endeavors than the transcendent dynamism expected from mergers which, in reality, remain speculative echoes.</p><p><img src=\"https://genuinepartsdeal.com/wp-content/uploads/2024/11/image-12.jpeg\" alt=\"Previous partnerships between tesla and ford did elon musk buy\"></p><h3>Impact of the Partnership on the Automotive Industry</h3><p>The cooperative alliance cemented between Tesla and Ford serves as a profound value proposition for the broader automotive industry ushering in tactics that reflect innovation-driven disruption. As the two automotive giants tread the path of collaboration through the Supercharger network access agreement, the ripple effects carry significant and transformative implications.</p><p>Layered within these implications is a strategic advantage within the electric vehicle arena a burgeoning market demanding infrastructure improvements at speed. Through collaborative perspectives, both companies are poised to address a universal consumer challenge inherent to EV adoption: charging anxiety. With access to Tesla’s extensive charging infrastructure, Ford enhances consumer convenience, reducing barriers-to-entry in the EV sector and facilitating wider usage.</p><ul><li><strong>Impact Highlights:</strong></li><li class=\"ql-indent-1\"><em>Infrastructure Expansion</em>: Enhanced network access supports EV adoption.</li><li class=\"ql-indent-1\"><em>Consumer Accessibility</em>: Alleviates anxiety with practical, extensive infrastructure.</li><li class=\"ql-indent-1\"><em>Market Positioning</em>: Solidifies Ford and Tesla\'s strategic influence in the EV sphere.</li></ul><p>More than mere alignment, this partnership signposts an ecosystemic approach top-tier automakers may adapt to further unify traditional automotive loyalty with emerging clean, electric developments. The recognition derived from such shared infrastructures boasts a vein of industry-wide collaboration emphasizing collective progression over distinct or siloed advancements.</p><p>Altogether, the ripple effect stemming from this partnership\'s inception transcends niche benefits, symbolizing methodical navigation through evolving market vectors and consumer demands. By integrating strengths within the spheres of assets and innovation, Ford and Tesla embody an automotive renaissance that acknowledges cooperation as a vital catalyst for transformative next-generation evolution.</p><p><img src=\"https://genuinepartsdeal.com/wp-content/uploads/2024/11/image-13.jpeg\" alt=\"Impact of the partnership on automotive industry did elon musk buy ford\"></p><h2>Analysis of Speculative Content</h2><p>The rumor of Musk’s alleged acquisition fed the digital-age appetite for speculative contemplation a loud narrative crafted not as much by substantive data but more by assertive content scattered throughout social media. This arena bearing strong influence molded the storylines that shaped public perception, teasing the boundaries of what was plausible but ungrounded. And whilst contextual factors diffused potential tensions, the engagement with speculative media content remains an insightful lesson in perception management and cognitive vigilance in the prevalent digital era.</p><p>The analysis of these stories underscores our need to reflect on matters of information credibility and veracity. As these narratives intertwine speculation with reality, robust verification mechanisms become prominent, bridging concepts of curiosity and informed skepticism within fast-moving digital domains.</p><p><img src=\"https://s.hdnux.com/photos/01/42/65/37/25909188/5/ratio3x2_1920.jpg\" alt=\"Analysis of speculative content did elon musk buy ford\"></p><h3>Role of Social Media in Spreading Misinformation</h3><p>Social media is a double-edged sword a dynamic platform for information dissemination and lively discourse, yet also prone to the pitfalls of misinformation spread, exemplified by the rumors of Elon Musk\'s acquisition of Ford. Its intricacies illustrate how effectively unsubstantiated claims can morph into mainstream beliefs, spurred by the virality of intriguing content and the power of human curiosity.</p><p>A pivotal factor stems from the widespread consumption of content without stringent validation rendering it susceptible to misinterpretation or unchecked amplification across diverse demographic spectrums. Platforms including X (formerly Twitter) fostered instant engagement, using algorithms that prioritized sensational content. Consequently, the digital virality created staggering engagement, driven primarily by the promise of excitement and novelty rather than truth.</p><ul><li><strong>Core Dynamics of Social Media\'s Misinformation Spread:</strong></li><li class=\"ql-indent-1\"><em>Sensational Content Appeal</em>: Preference for engaging over verified information.</li><li class=\"ql-indent-1\"><em>Frequent Sharing without Verification</em>: Basis for exaggerated narratives.</li><li class=\"ql-indent-1\"><em>Echo Chamber Effect</em>: Amplification among like-minded audiences.</li></ul><p>Inadequate moderation systems in these expansive platforms add layers of complexity, allowing fabricated claims to eclipse the original reassurance of truth. With scores of AI-generated visuals masquerading narratives of public personas and societal engagement, the intricacies intertwining fact with fiction continue to cause disarray.</p><p>Ultimately, while social media platforms necessitate nuanced content regulation to ensure accuracy, the onus also lies on consumers on driving inquiry with responsibility, discernment, and a commitment to directing the course towards verified information\'s ultimate triumph over captivating falsehoods.</p><p><img src=\"https://theintercept.com/wp-content/uploads/2022/12/elon-musk-henry-ford-2.jpg\" alt=\"Role of social media in spreading misinformation did elon musk buy ford\"></p><h3>Analysis of Viral Videos and Posts About Musk Buying Ford</h3><p>The motif of viral content intriguing in its audacity yet deceptive in its narrative played a central role in propagating the Musk-Ford acquisition rumors. The phenomenon encapsulates the delicate interplay between visual stimulation, cognitive bias, and the human penchant for the remarkable, driving the narrative further into public consciousness.</p><p>Predominantly shaped by emerging technologies including AI-generated and manipulated imagery, these videos and posts breathe life into topics that, although unfounded, captivated a wide audience. Consuming these visually striking and strategically crafted videos invokes a visceral response, drawing audiences into the fantastical metrics of clickbait media without substantial refutation frameworks in place.</p><ul><li><strong>Insights Into Viral Phenomena:</strong></li><li class=\"ql-indent-1\"><em>Visual-First Engagement</em>: Intensifies beliefs when intertwined with charged narratives.</li><li class=\"ql-indent-1\"><em>Cognitive Bias Exploitation</em>: Draws on pre-existing perceptions and excitements.</li><li class=\"ql-indent-1\"><em>Narrative Complexity</em>: Pots boiled through repeated encouragement of imagery-induced context.</li></ul><p>Essentially, vividness amplifies depth a truth where platforms permit creativity without oversight to precede responsibility, molding character perceptions. Such content\'s gains in virality achieve virtual snowballed momentum garnering more attention, albeit without assurances to truth value.</p><p>Understanding these dynamics compels a broader conversational commitment towards accountability within content-sharing realms a silent acknowledgment of reverting the trend lines from fictitious to factual content, thereby bolstering a digitally literate society propelled by informed agency amidst rapid technological campaigns.</p><h2>Implications for the Automotive Market</h2><p>The nebulous movement brought forth by the Musk-Ford rumor fostered a buzz palpably reflected in shifting market perceptions. This indicates the striking influence speculative narratives cast over financial landscapes and behavioral sentiments, fueled by hope, unease, and eagerness for compelling corporate evolutions. Yet, within these fabricated machinations emerged anchor-points insights culled from various nuanced contemplations that unraveled potential ripples across both companies if it were indeed a reality.</p><p>In such an introspective landscape, acknowledging ties stemming from strategic collaboration surpassed great potentiality over acquisitions. These considerations center around readiness required for future challenges, the understanding of complex consumer trajectories, and the increasingly electrified mobility demands redefining automotive agendas.</p><p><img src=\"https://clickpetroleoegas.com.br/wp-content/uploads/2024/09/image-21-13.jpg\" alt=\"Implications for the automotive market did elon musk buy ford\"></p><h3>Market Reactions to the Rumors</h3><p>Market dynamics responded dramatically to mutations in narrative flow spurred by whispers of Elon Musk\'s alleged acquisition investor confidence reflected the intrigue and anticipation rife amidst these speculative development falsities. Given the boundless narrative embedding within social discourse, delving into the heartbeat of market revelation provides clarity on institutional bearing.</p><p>The automotive industry\'s nature, where competition and collaboration coalesce within a transformative electric era, allows speculation risks to cross-pollinate perspectives of disruption and opportunity. Investor perception, fueled by prospects of seismic industry shifts, gravitates between cautious optimism and strategic repositioning.</p><ul><li><strong>Key Features of Market Reactions:</strong></li><li class=\"ql-indent-1\"><em>Short-Term Volatility</em>: Speculative influence on Tesla and Ford stock prices.</li><li class=\"ql-indent-1\"><em>Prospective Strategic Rumblings</em>: Investor repositioning based on anticipated changes.</li><li class=\"ql-indent-1\"><em>Distracted Focus</em>: Real partnership benefits overshadowed amid falsified narratives.</li></ul><p>Each market oscillation mirrored sentiments surrounding these rumors, pivoting beyond pure speculation towards potent long-term implications of potential oligopolistic consolidation or lack thereof. If approached strategically, collaborations offer sectors new pathways that ensure readiness without the heavy implications teetering under regulatory scrutiny and monopoly threat a harmonizing dance between anticipation-led narrative and jurisdictional integrity.</p><p>Ultimately, navigating the threat of monopolization versus manifold spinning tales requires systematic discourse management that emphasizes transparency a vigilant anchoring that guides markets towards stability in shifting terrains driven by evolving public narratives grounded in empirically fashioned truths.</p><p><img src=\"https://media.wusa9.com/assets/VERIFY/images/cdeebe2e-7f4a-43a3-855e-2e8f08602abd/20241108T214900/cdeebe2e-7f4a-43a3-855e-2e8f08602abd_1140x641.jpg\" alt=\"Market reactions to the rumors did elon musk buy ford\"></p><h3>Potential Future Directions for Tesla and Ford Collaboration</h3><p>Peering into the pathway that the&nbsp;<a href=\"https://www.tesla.com/\" rel=\"noopener noreferrer\" target=\"_blank\" style=\"color: rgb(13, 110, 253);\">Tesla</a>-<a href=\"https://www.ford.com/\" rel=\"noopener noreferrer\" target=\"_blank\" style=\"color: rgb(13, 110, 253);\">Ford</a>&nbsp;alliance treads unveils compelling shades towards an electrified horizon an ethos resonating with industry augmentation and competitive rebalancing aimed at unified technological advancement.</p><p>Aligned cooperation, built on mutual respect and tangible advancements, lays fertile ground for industry innovations, dominating the nascent electric vehicle sector. Victory scenarios, beyond short-term misconceptions, channel collaborative efforts toward deliberate, systemic market transformation, amplifying electric mobility’s grand narrative.</p><ul><li><strong>Unified Objectives and Strategic Pathways:</strong></li><li class=\"ql-indent-1\"><em>Comprehensive Infrastructure Focus</em>: Expanding charging autonomy to enhance EV ownership.</li><li class=\"ql-indent-1\"><em>Technological Integration</em>: Co-investment possibilities in autonomous and shared mobility advancements.</li><li class=\"ql-indent-1\"><em>Targeted Sustainability Goals</em>: Leveraging synergy for ecosystem enhancements in material use and production efficiencies.</li></ul><p>As the dialogue around electrified mobility expands, both companies hold the reins to align their collective strengths, penetrating broader market dynamics with a recalibrated emphasis on long-term success, without the burden of fictional acquisition sagas that have disguised genuine aspirations.</p><p>In sum, the narrative arc convenes around selective excellence and collaborative insights, where Tesla and Ford’s allegiance converts intelligent pursuits into landmark continuums shining brighter than the mirage of feigned market disruption prompted by hastily sown acquisition rationales, finding redemption from truth\'s wings flipping within perceptual forward-thinking rituals.</p><p><img src=\"https://i.ytimg.com/vi/IK9PKYhnBcQ/maxresdefault.jpg\" alt=\"Potential future directions for tesla and ford collaboration did elon musk buy\"></p><h2>Conclusion on the Musk and Ford Rumors</h2><p>To surmise, the labyrinthine flow of speculative rumors and transformative strategies underscore the pivotal heartstone how information gathers clouded discernments into cohesive semblances of truth, and how insights emerge from shadowed tales. The convergence of evocative market rhythms and deliberate collaboration encapsulates a focal cornerstone emphasizing strategic impact over unsubstantiated acquisitions.</p><p>As evidenced, the distinction between these whispers and their consequent disputations navigates the modern discourse pathways not premised on feverous exaggerations but grounded amid authentic partnerships. Tesla\'s and Ford\'s willingness to collaborate, share charge networks and break conventional industry molds, projects an optimized future for electric vehicle ecosystems influenced more by the coherence of alliances than tangled or presumed ownership.</p><p><img src=\"https://clickpetroleoegas.com.br/wp-content/uploads/2024/09/image-21-13.jpg\" alt=\"Conclusion on the musk and ford rumors did elon buy\"></p><h3>Clarifying the Misunderstandings Surrounding the Acquisition Claims</h3><p>These unfounded acquisition rumors not only captivated audiences but also underscored the vulnerabilities inherent in today\'s information consumption framework. When dissected thoughtfully, the narrative rests skewed by a sequence of bombardments and media amplification that positions the real-time consumption of veracity secondary within layers of virtualization attempts at reality reconstruction.</p><p>The extricated fiction within claimed Musk-Ford acquisition positions this narrative within society\'s consciousness as a caution a reminder of discernment merged with attentiveness and a milestone for shifting momentum. Such claims needed reframing, addressing the dissonance between rapidly swirling digital counterparts and established channels of confirmation and dissonance.</p><ul><li><strong>Crucial Insight Mechanisms:</strong></li><li class=\"ql-indent-1\"><em>Maintaining Vigilance</em>: Navigate digital speculation contrasting reputable information.</li><li class=\"ql-indent-1\"><em>Balancing Content and Context</em>: Ensure curated judgment in interpreting narratives.</li><li class=\"ql-indent-1\"><em>Anchoring Intentions</em>: Prioritizing acknowledgment of ongoing, validated partnerships.</li></ul><p>By clarifying misunderstandings, these actors reclaim not just narrative resonance but empower momentum through coherent perspectives, undimmed by shadows once caused by questionable horizons. In turn, they craftely spotlight the dynamic interplay of informed skepticism necessitated in harnessing information\'s vast canvas.</p><p><img src=\"https://genuinepartsdeal.com/wp-content/uploads/2024/11/image-14.jpeg\" alt=\"Clarifying the misunderstandings surrounding acquisition claims did elon musk buy ford\"></p><h3>Importance of Reliable Information in Business News</h3><p>Through the breadth of rampant digital storytelling, the narrative surrounding Musk’s alleged acquisition of Ford accentuates an undeniable truth timelines of responsibility and adherence to context lurk as vital catalysts driving accurate, reliable business communications.</p><p>The essence of verified information, threading stories within journalistic integrity, remains non-negotiable balancing sensationalism and stoic perseverance within discernible roots of truth. Understanding relevance proximate to reputable structure amplifies sentiments echoing sustainable cognitive awareness.</p><ul><li><strong>Core Areas of Transparency in Business News:</strong></li><li class=\"ql-indent-1\"><em>Rigorous Investigative Standards</em>: Holding the candle of truth within dynamic consumption.</li><li class=\"ql-indent-1\"><em>Statistics and Data Differentiation</em>: Discerning factual underpinnings among speculative allure.</li><li class=\"ql-indent-1\"><em>Consumer Literacy Emphasis</em>: Cultivating consumption’s authenticity in data-heavy domains.</li></ul><p>To thrive within this age necessitates prioritizing wherein innovation, caution, and digital literacy converge the culture whispered within Musk-Ford rumblings guides transformative braking from exuberant allure toward authentic media channels proximal to the tangible essence of foresight.</p><p>These insights construct pivotal frameworks for tangible outcomes ideacies converging on equilibrium bridging dialogue, resonance, and internet-engendered ethereal narratives to discover purpose through relational diffusion and conscientious cognizance.</p><p><img src=\"https://clickpetroleoegas.com.br/wp-content/uploads/2024/09/image-21-13.jpg\" alt=\"Importance of reliable information in business news did elon musk buy ford\"></p><h3>Key Takeaways</h3><ul><li><strong>Reliable Reports</strong>: Musk\'s supposed acquisition of Ford is a rumor; no credible confirmation exists.</li><li><strong>Partnership, Not Merger</strong>: Tesla and Ford’s notable electric vehicle charging network partnership delineates collaborative strategy.</li><li><strong>Social Media Impact</strong>: Prominent role in rumor spread, emphasizing the need for reading with discernment in digital ages.</li><li><strong>Innovation Over Acquisition</strong>: Prioritizing ecosystem enhancements through strategic coalgignments rather than aggressive consolidation.</li><li><strong>Real Partnerships, True Impacts</strong>: Grounding effect on electricity innovation-conscious goals, transcending misinformation hype.</li></ul><h3>FAQs</h3><ol><li><a href=\"https://genuinepartsdeal.com/news/\" rel=\"noopener noreferrer\" target=\"_blank\" style=\"color: rgb(13, 110, 253);\"><strong>Did Elon Musk buy Ford Motor</strong></a><strong>&nbsp;Company?</strong></li></ol><ul><li class=\"ql-indent-1\">No, Elon Musk did not acquire Ford. It\'s a rumor with no credible basis.</li></ul><ol><li><strong>What is the reason behind the rumors of Musk buying Ford?</strong></li></ol><ul><li class=\"ql-indent-1\">Rumors proliferated due to speculative and misleading social media posts and videos.</li></ul><ol><li><strong>Has there been any official statement from Elon Musk or Ford regarding the acquisition?</strong></li></ol><ul><li class=\"ql-indent-1\">Neither Elon Musk nor Ford has made any official declarations supporting the rumor.</li></ul><ol><li><strong>What kind of partnership exists between Tesla and Ford?</strong></li></ol><ul><li class=\"ql-indent-1\">Tesla and Ford have partnered to allow Ford’s EVs to access Tesla\'s Supercharger network.</li></ul><ol><li><strong>How does social media contribute to spreading inaccurate information?</strong></li></ol><ul><li class=\"ql-indent-1\">Social media platforms expedite the spread of misinformation through viral content and sensationalism that often lacks verification.</li></ul><p><strong>Share:</strong></p><p><br></p><p><a href=\"https://www.addtoany.com/share#url=https%3A%2F%2Fgenuinepartsdeal.com%2Felon-musk-buy-ford-rumors-fact-vs-fiction-analyzed&amp;title=Elon%20Musk%20Buy%20Ford%20Rumors%20%E2%80%93%20Fact%20vs.%20Fiction%20Analyzed\" rel=\"noopener noreferrer\" target=\"_blank\" style=\"color: rgb(13, 110, 253);\">Share</a></p><p><br></p><p><a href=\"https://genuinepartsdeal.com/#facebook\" rel=\"noopener noreferrer\" target=\"_blank\" style=\"color: rgb(13, 110, 253);\">Facebook</a></p><p><br></p><p><a href=\"https://genuinepartsdeal.com/#twitter\" rel=\"noopener noreferrer\" target=\"_blank\" style=\"color: rgb(13, 110, 253);\">Twitter</a></p><p><br></p><p><a href=\"https://genuinepartsdeal.com/#facebook_messenger\" rel=\"noopener noreferrer\" target=\"_blank\" style=\"color: rgb(13, 110, 253);\">Messenger</a></p><p><br></p><p><a href=\"https://genuinepartsdeal.com/#copy_link\" rel=\"noopener noreferrer\" target=\"_blank\" style=\"color: rgb(13, 110, 253);\">Copy Link</a></p><iframe class=\"ql-video\" frameborder=\"0\" allowfullscreen=\"true\" src=\"https://button-share.zalo.me/share_inline?id=74800041-5cfe-44ab-b5cf-f61001d59f0f&amp;layout=3&amp;color=blue&amp;customize=false&amp;width=30&amp;height=30&amp;isDesktop=true&amp;url=https%3A%2F%2Fgenuinepartsdeal.com%2Felon-musk-buy-ford-rumors-fact-vs-fiction-analyzed&amp;d=eyJ1cmwiOiJodHRwczovL2dlbnVpbmVwYXJ0c2RlYWwuY29tL2Vsb24tbXVzay1idXktZm9yZC1ydW1vcnMtZmFjdC12cy1maWN0aW9uLWFuYWx5emVkIn0%253D&amp;shareType=0\" height=\"30px\" width=\"30px\"></iframe><p><br></p><h2><strong style=\"background-color: initial; color: rgb(255, 255, 255);\">Related articles</strong></h2><p><a href=\"https://genuinepartsdeal.com/unveiling-the-2024-acura-mdx-type-s-a-luxury-suv-redefined\" rel=\"noopener noreferrer\" target=\"_blank\" style=\"color: rgb(13, 110, 253);\"><img src=\"https://genuinepartsdeal.com/thumbs/862x540x1/upload/news/image-7-3528.png\" alt=\"Unveiling the 2024 Acura MDX Type S: A Luxury SUV Redefined\"></a></p><p>14 Jan, 2025</p><h3><a href=\"https://genuinepartsdeal.com/unveiling-the-2024-acura-mdx-type-s-a-luxury-suv-redefined\" rel=\"noopener noreferrer\" target=\"_blank\" style=\"color: rgb(37, 37, 37);\">Unveiling the 2024 Acura MDX Type S: A Luxury SUV Redefined</a></h3><p>The 2024 Acura MDX Type S is a luxury SUV that promises an exhilarating driving...</p><p><a href=\"https://genuinepartsdeal.com/best-german-sedans-for-2023\" rel=\"noopener noreferrer\" target=\"_blank\" style=\"color: rgb(13, 110, 253);\"><img src=\"https://genuinepartsdeal.com/thumbs/862x540x1/upload/news/image-8-1604.png\" alt=\"Best German Sedans for 2023\"></a></p><p>14 Jan, 2025</p><h3><a href=\"https://genuinepartsdeal.com/best-german-sedans-for-2023\" rel=\"noopener noreferrer\" target=\"_blank\" style=\"color: rgb(37, 37, 37);\">Best German Sedans for 2023</a></h3><p>Best German Sedans for 2023 German sedans are renowned for their exceptional performance, luxurious features,...</p><p><a href=\"https://genuinepartsdeal.com/the-2024-porsche-cayenne-turbo-e-hybrid-suv-and-coupe\" rel=\"noopener noreferrer\" target=\"_blank\" style=\"color: rgb(13, 110, 253);\"><img src=\"https://genuinepartsdeal.com/thumbs/862x540x1/upload/news/image-9-2857.png\" alt=\"The 2024 Porsche Cayenne Turbo E-Hybrid SUV and Coupe\"></a></p><p>14 Jan, 2025</p><h3><a href=\"https://genuinepartsdeal.com/the-2024-porsche-cayenne-turbo-e-hybrid-suv-and-coupe\" rel=\"noopener noreferrer\" target=\"_blank\" style=\"color: rgb(37, 37, 37);\">The 2024 Porsche Cayenne Turbo E-Hybrid SUV and Coupe</a></h3><p>The 2024 Porsche Cayenne Turbo E-Hybrid SUV and Coupe: Redefining Luxury and Performance In this...</p><p><a href=\"https://genuinepartsdeal.com/where-are-porsche-cars-made-2023-reviews\" rel=\"noopener noreferrer\" target=\"_blank\" style=\"color: rgb(13, 110, 253);\"><img src=\"https://genuinepartsdeal.com/thumbs/862x540x1/upload/news/azpartsnow-porsche-panamera-5045-8910.jpg\" alt=\"Where are Porsche Cars Made? 2023 reviews\"></a></p><p>26 Feb, 2025</p><h3><a href=\"https://genuinepartsdeal.com/where-are-porsche-cars-made-2023-reviews\" rel=\"noopener noreferrer\" target=\"_blank\" style=\"color: rgb(37, 37, 37);\">Where are Porsche Cars Made? 2023 reviews</a></h3><p>The Birthplace of Porsche: Zuffenhausen, Germany Porsche has a rich history that dates back to...</p><p><a href=\"https://genuinepartsdeal.com/where-are-honda-cars-made-2023-reviews\" rel=\"noopener noreferrer\" target=\"_blank\" style=\"color: rgb(13, 110, 253);\"><img src=\"https://genuinepartsdeal.com/thumbs/862x540x1/upload/news/genuinepartsdeal-honda-civic-768x486-5848.jpg\" alt=\"Where Are Honda Cars Made? 2023 reviews\"></a></p><p>26 Feb, 2025</p><h3><a href=\"https://genuinepartsdeal.com/where-are-honda-cars-made-2023-reviews\" rel=\"noopener noreferrer\" target=\"_blank\" style=\"color: rgb(37, 37, 37);\">Where Are Honda Cars Made? 2023 reviews</a></h3><p>Where Are Honda Cars Made? Exploring the Global Manufacturing of Honda Vehicles The Honda brand...</p><p><a href=\"https://genuinepartsdeal.com/how-to-order-a-tesla-5-steps-to-go\" rel=\"noopener noreferrer\" target=\"_blank\" style=\"color: rgb(13, 110, 253);\"><img src=\"https://genuinepartsdeal.com/thumbs/862x540x1/upload/news/tesla-charging-genuinepartsdeal-your-prime-source-for-genuine-parts-768x512-4105-1726.jpg\" alt=\"How to order a Tesla – 5 steps to go\"></a></p><p>26 Feb, 2025</p><h3><a href=\"https://genuinepartsdeal.com/how-to-order-a-tesla-5-steps-to-go\" rel=\"noopener noreferrer\" target=\"_blank\" style=\"color: rgb(37, 37, 37);\">How to order a Tesla – 5 steps to go</a></h3><p>A COMPREHENSIVE GUIDE TO BUYING A TESLA: YOUR STEP-BY-STEP JOURNEY BEGINS HERE! Tesla, the brainchild...</p><p><a href=\"https://genuinepartsdeal.com/how-many-tesla-cars-you-can-buy-if-you-win-14-billion-usd-powerball\" rel=\"noopener noreferrer\" target=\"_blank\" style=\"color: rgb(13, 110, 253);\"><img src=\"https://genuinepartsdeal.com/thumbs/862x540x1/upload/news/slider2-768x283-4335-3222.jpg\" alt=\"HOW MANY TESLA CARS YOU CAN BUY IF YOU WIN 1.4 BILLION USD POWERBALL\"></a></p><p>26 Feb, 2025</p><h3><a href=\"https://genuinepartsdeal.com/how-many-tesla-cars-you-can-buy-if-you-win-14-billion-usd-powerball\" rel=\"noopener noreferrer\" target=\"_blank\" style=\"color: rgb(37, 37, 37);\">HOW MANY TESLA CARS YOU CAN BUY IF YOU WIN 1.4 BILLION USD POWERBALL</a></h3><p>The Powerball lottery game has been making headlines recently, thanks to its skyrocketing jackpot. On...</p><p><a href=\"https://genuinepartsdeal.com/tesla-unlikely-to-accept-bitcoin-again-the-impact-on-the-automotive-industry\" rel=\"noopener noreferrer\" target=\"_blank\" style=\"color: rgb(13, 110, 253);\"><img src=\"https://genuinepartsdeal.com/thumbs/862x540x1/upload/news/teslabitcoin-768x510-2868-9222.jpg\" alt=\"Tesla Unlikely to Accept Bitcoin Again: The Impact on the Automotive Industry\"></a></p><p>26 Feb, 2025</p><h3><a href=\"https://genuinepartsdeal.com/tesla-unlikely-to-accept-bitcoin-again-the-impact-on-the-automotive-industry\" rel=\"noopener noreferrer\" target=\"_blank\" style=\"color: rgb(37, 37, 37);\">Tesla Unlikely to Accept Bitcoin Again: The Impact on the Automotive Industry</a></h3><p>Since its inception, Bitcoin has revolutionized the financial industry and has gained significant popu</p><p><br></p>',1,'images/r7J5yQEXcX8GZz38765sFlP21vfauRFSj4BpX418.png',1,1,1,'2025-03-08 02:25:58','2025-03-08 02:25:58',NULL),(3,'elon-musk-buy-ford-rumors-fact-vs-fiction-analyzed23','Elon Musk Buy Ford Rumors – Fact vs. Fiction Analyzed23','scalating quickly into a blizzard of speculation. The catalyst behind this storm was primarily a YouTube video released in June 2023 that captured imaginations and stoked public intrigue with its audacious, albeit unfounded, claim. The video, laden with dramatic flair and speculative excitement, suggested a reality that positioned Tesla and Ford on the precipice of an audacious merger an adventure that promised to reshape the landscape of the automotive sector entirely.\r\n\r\nIndeed, it wasn\'t long b','<h3>Sources of the Rumor Regarding Elon Musk and Ford</h3><p>The origin of the rumor that Elon Musk bought Ford can be likened to the whispering winds of a technological tornado starting from what seemed a whisper, escalating quickly into a blizzard of speculation. The catalyst behind this storm was primarily a YouTube video released in June 2023 that captured imaginations and stoked public intrigue with its audacious, albeit unfounded, claim. The video, laden with dramatic flair and speculative excitement, suggested a reality that positioned Tesla and Ford on the precipice of an audacious merger an adventure that promised to reshape the landscape of the automotive sector entirely.</p><p>Indeed, it wasn\'t long before this viral sensation found fertile ground on social media platforms like Facebook and X (formerly Twitter), where opinions flew faster than the wind. Algorithms devoured the content, and the platforms, functioning as both echo chambers and multipliers, buoyed baseless narratives into the stratosphere of internet virality. Professional analyses or credible news sources were pushed aside in favor of sensationalism and dramatic posturing ironically showcasing the realities of modern-day digital information pathways.</p><ul><li><strong>Primary Factors Leading to the Rumor\'s Proliferation:</strong></li><li class=\"ql-indent-1\"><em>Viral Videos:</em>&nbsp;Misleading visuals conveyed authority, suggesting an impending industry shift.</li><li class=\"ql-indent-1\"><em>Social Media Amplification:</em>&nbsp;Platforms facilitated rapid spread without verification.</li><li class=\"ql-indent-1\"><em>Consumer Enthusiasm:</em>&nbsp;Eagerness for dramatic corporate dramas captured public imagination.</li></ul><p>As the buzz grew, reputable fact-checkers and credible news outlets, including Reuters and CNBC, exerted significant efforts to dispel the myths and debunk the fallacies being so eagerly consumed by the public. Both Tesla and Ford consistently denied these claims, with no official announcements from either side reinforcing the notion yet the tidal wave of misinformation wove its captivating fantasy, proving the power of the era’s digital narratives over perceptible truths. The integrity of the rumor was critiqued and rightfully dismantled though this underscores the necessity of vigilant media consumption and the continuous striving for clear, accessible, and truthful information.</p><p><img src=\"https://clickpetroleoegas.com.br/wp-content/uploads/2024/09/image-21-13.jpg\" alt=\"Sources of the rumor regarding elon musk and ford did buy\"></p><h3>Timeline of the Rumors: When Did They Start?</h3><p>The timeline of these rumors takes us on a journey of evolving narratives, from whispers to wildfire, capturing the essence of this enigma. A notable milestone can be traced back to the summer of 2023 when a dynamic and somewhat speculative YouTube video surfaced, ostensibly offering the shocking revelation of Elon Musk purchasing Ford. This claim quickly garnered attention due to the high-profile nature of both entities in question.</p><p>It wasn’t long before this snowball gained momentum, with additional conjectures catapulting the conversation into the mainstream social media stratosphere by fall 2024. Speculations emerged, weaving a tapestry of potential synergies and conjectural mergers that were both riveting and misleading. Particularly influential social media accounts began sharing posts that lent further visibility to the rumor, contributing to a crescendo of public intrigue and attention.</p><p>Detailed exploration of key developments reveals several distinctive points on this timeline:</p><ul><li><strong>June 2023:</strong>&nbsp;Initial video circulates, falsely announcing merger discussions.</li><li><strong>September 2023:</strong>&nbsp;Social media discussions amplify, contributing to viral traction.</li><li><strong>November 2024:</strong>&nbsp;Renewed interest as more speculative content emerges online.</li></ul><p>Throughout, cycles of speculation prompted renewed searches and narratives that eclipsed the tangible collaborations between Tesla and Ford, such as their notable agreement on utilizing Tesla\'s Supercharger Network a strategic alliance, devoid of ownership transitions. As the rumor mill churned, mainstream coverage focused more on clarifying the non-existent transaction, drawing greater attention to the necessity for discernment in digital-age news consumption.</p><p>Such patterns exemplify the siren\'s call of speculative content: a heady blend of excitement and storytelling that captivates and confounds in equal measure. The deceptive ease with which such narratives weave through our digital consciousness underscores the importance of having informed skepticism and dependence on authentic and reliable information sources. A critical lens remains crucial for navigating the ever-complex labyrinth of contemporary digital communications.</p><p><img src=\"https://genuinepartsdeal.com/wp-content/uploads/2024/11/image-15.jpeg\" alt=\"Timeline of the rumors: when did they start? elon musk buy ford\"></p><h2>Verification of the Claims</h2><p>Initial explorations into the origins of the Musk-Ford acquisition rumors surrounding the speculative narratives forced the robust need for clarity. Due to the vast proliferation of misinformation via platforms like YouTube and X, the noise overshadowed the credible dialogue. It remained essential to scrutinize the claims critically. Deep dives into reputable journalistic outlets aimed to discern the factual premises from the fantastical, stripping rumor of its enigmatic veil.</p><p>No concrete statements or announcements from Tesla or Ford supported the merger myth. Rather, both companies reiterated that the rumor was a misplaced narrative amplified in error by the digital age\'s propensity for rapid information flow. The speculative content was primarily detached from evidence, showing how easily narrative enthusiasm could overshadow verifiable consensus.</p><p><img src=\"https://s.hdnux.com/photos/01/42/65/37/25909188/5/ratio3x2_1920.jpg\" alt=\"Verification of the claims did elon musk buy ford\"></p><h3>Did Elon Musk Officially Announce Any Acquisition?</h3><p>As the speculative dust continued to settle, ardent followers looked towards a potential beacon of authenticity that could either confirm or dispel the swirling acquisition rumors that being an official announcement by Elon Musk himself. Yet, such anticipations were met not with a dramatic reveal but with the silent absence that spoke volumes; Musk had offered no declaration, tweet, or mention and hadn\'t set a narrative transition that would see Tesla absorbing Ford.</p><p>Musk, known for his candidness and selective social media engagement, maintained an unexpected silence on this particular topic. News outlets such as BBC, Forbes, and Reuters collectively recognized the disparity between the expansive spread of the rumor and the utter lack of correspondence from both Tesla and Ford’s corporate communications, which remained adamantly in contradiction to the acquisition fable.</p><p>It is important to recognize that in the realm of high-stakes corporate maneuvering, public statements or the lack thereof can significantly influence financial markets, consumer perception, and brand integrity. For Musk, whose words are often seen to catalyze and sometimes destabilize markets, the absence of an official stance signified a continuity in strategy rather than a paradigmatic shift into new corporate territories.</p><ul><li><strong>Entities and Activities Involved:</strong></li><li class=\"ql-indent-1\"><em>Tesla (TSLA) and Ford (F)</em>: Both companies reiterated their independent operations.</li><li class=\"ql-indent-1\"><em>Elon Musk</em>: Maintained strategic silence, negating rumor amplification.</li><li class=\"ql-indent-1\"><em>Financial Analysts</em>: Repeatedly sought verification with skepticism.</li></ul><p>Hence, the narrative largely unraveled not through a declarative press announcement but under the glaring scrutiny of high-profile digital investigations and an insistence on corporate transparency. The rumor\'s strength waned as truth demanded more than conjecture a pivotal lesson in collective media discernment and the pursuit of factual discourse amid enticing, albeit fictional, scenes.</p><p><img src=\"https://i.ytimg.com/vi/lpCZJzQbQO0/maxresdefault.jpg\" alt=\"Did elon musk officially announce any acquisition? buy ford\"></p><h3>What Have Reputable News Sources Reported?</h3><p>In the wake of the Musk-Ford rumor frenzy, reputable news sources assumed the mantle of investigative clarity determined to sift through the maelstrom of speculation to present a factual account. Outlets known for rigorous truths Forbes, CNN, Wall Street Journal among them cast discerning eyes over the reportage, intentioned to diminish chaos through journalistic integrity.</p><p>Primarily, they underscored a consistent theme: Elon Musk had not acquired Ford. Misleading digital content veiled reality, obscured by AI-generated visuals and speculative editorial tactics. The absence of any disclosure filings with clear SEC records swiftly undermined any claims of a major corporate transaction a necessity for legal financial reporting.</p><p>Moreover, professional analysts spoke candidly about the strategic implications such an acquisition would entail. The conversation pivoted more on objective dialogues relating to the recent Tesla-Ford partnership regarding Supercharger network accessibility, which was highlighted as a mutual benefit rather than an indicator of purchase.</p><ul><li><strong>Key Points from Reputable Reports:</strong></li><li class=\"ql-indent-1\"><em>Acquisition Claims Dismissed</em>: Musk\'s purchase of Ford categorically denied.</li><li class=\"ql-indent-1\"><em>Confirmation Via SEC Records</em>: Clear absence of filing reinforced no ownership change.</li><li class=\"ql-indent-1\"><em>Real Partnerships</em>: Coverage focused on the Supercharger collaboration’s strategic importance.</li></ul><p>These reports transcended narratives to aesthetically redirect focus from the chimeric and unconfirmed towards more substantive industry moves with impactful implications. The apparent takeaway coveted a return not just to traditional journalistic precision, but also to consumer mindfulness recognizing the need for navigation through perceived truths in evolving, information-rich contexts.</p><p><img src=\"https://genuinepartsdeal.com/wp-content/uploads/2024/11/image-3.webp\" alt=\"What have reputable news sources reported? did elon musk buy ford\"></p><h2>Contextual Background</h2><p>With the rumors fully dispelled by the light of verified investigations and declarations rooted solely in official corporate intent, the realm of contextual understanding became the channel for valuable insight. It provided a framework to better grasp the collaboration spectrum, illustrating alliances that held promise beyond acquisition fantasies. This represents a navigational compass for industry enthusiasts as they traverse the landscape that links corporate punctuations with effective automotive strategies.</p><p>How firms like Tesla and Ford dispense with rumors while magnifying constructive partnerships elucidates the adaptive intricacies of their relationship underpinning a burgeoning synergy driven by shared technological goals rather than ownership disputes.</p><h3>Previous Partnerships Between Tesla and Ford</h3><p>Tesla and&nbsp;<a href=\"https://genuinepartsdeal.com/ford-parts/\" rel=\"noopener noreferrer\" target=\"_blank\" style=\"color: rgb(13, 110, 253);\">Ford</a>, each titan of the automotive industry in its own right, have established noteworthy alliances, concocting vistas of strategic collaboration amid constantly evolving landscapes. Despite the contentions sparked by false acquisition buzz, these firms have demonstrated noteworthy cooperative ambitions without mergers overshadowing shared endeavors.</p><p>A pivotal partnership deserves recognition when Tesla agreed to open its Supercharging network to Ford\'s electric vehicles (EVs). A collaboration rooted in mutual benefits drove this initiative, addressing the ever-critical challenge of charging accessibility and infrastructure. The agreement, announced in May 2023, allows Ford’s EVs to harness Tesla\'s expansive network to bolster Ford\'s vision of increasing EV market penetration.</p><ul><li><strong>Key Agreements and Partnerships:</strong></li><li class=\"ql-indent-1\"><em>Supercharger Network Access</em>: Ford EV users to access Tesla\'s charging stations.</li><li class=\"ql-indent-1\"><em>Augmented Charging Options</em>: Enhanced consumer convenience at existing infrastructure.</li><li class=\"ql-indent-1\"><em>Strategic Win-Win</em>: Value addition through non-exclusive technology sharing.</li></ul><p>Tesla and Ford\'s cooperative engagements defy the constraints of conventional competition, establishing symbiotic synergies without relinquishing corporate sovereignty. While many anticipated sensation-fueled mergers, the reality is punctuated by insightful, smaller-scale alliances that leverage each entity\'s competitive leverage without engaging in outright corporate consolidation.</p><p>The strategic landscape that emerges, orchestrating collaboration over competition, signifies a pivotal moment for both Tesla and Ford. Not as antagonists locked in business duels but as partners exploring convergence a transformative factor for expanding electric vehicle adoption and infrastructural growth within the rapidly evolving market. It encapsulates how selective partnerships, grounded in innovation, can foster technological advancement and amplify global influence more sustainable endeavors than the transcendent dynamism expected from mergers which, in reality, remain speculative echoes.</p><p><img src=\"https://genuinepartsdeal.com/wp-content/uploads/2024/11/image-12.jpeg\" alt=\"Previous partnerships between tesla and ford did elon musk buy\"></p><h3>Impact of the Partnership on the Automotive Industry</h3><p>The cooperative alliance cemented between Tesla and Ford serves as a profound value proposition for the broader automotive industry ushering in tactics that reflect innovation-driven disruption. As the two automotive giants tread the path of collaboration through the Supercharger network access agreement, the ripple effects carry significant and transformative implications.</p><p>Layered within these implications is a strategic advantage within the electric vehicle arena a burgeoning market demanding infrastructure improvements at speed. Through collaborative perspectives, both companies are poised to address a universal consumer challenge inherent to EV adoption: charging anxiety. With access to Tesla’s extensive charging infrastructure, Ford enhances consumer convenience, reducing barriers-to-entry in the EV sector and facilitating wider usage.</p><ul><li><strong>Impact Highlights:</strong></li><li class=\"ql-indent-1\"><em>Infrastructure Expansion</em>: Enhanced network access supports EV adoption.</li><li class=\"ql-indent-1\"><em>Consumer Accessibility</em>: Alleviates anxiety with practical, extensive infrastructure.</li><li class=\"ql-indent-1\"><em>Market Positioning</em>: Solidifies Ford and Tesla\'s strategic influence in the EV sphere.</li></ul><p>More than mere alignment, this partnership signposts an ecosystemic approach top-tier automakers may adapt to further unify traditional automotive loyalty with emerging clean, electric developments. The recognition derived from such shared infrastructures boasts a vein of industry-wide collaboration emphasizing collective progression over distinct or siloed advancements.</p><p>Altogether, the ripple effect stemming from this partnership\'s inception transcends niche benefits, symbolizing methodical navigation through evolving market vectors and consumer demands. By integrating strengths within the spheres of assets and innovation, Ford and Tesla embody an automotive renaissance that acknowledges cooperation as a vital catalyst for transformative next-generation evolution.</p><p><img src=\"https://genuinepartsdeal.com/wp-content/uploads/2024/11/image-13.jpeg\" alt=\"Impact of the partnership on automotive industry did elon musk buy ford\"></p><h2>Analysis of Speculative Content</h2><p>The rumor of Musk’s alleged acquisition fed the digital-age appetite for speculative contemplation a loud narrative crafted not as much by substantive data but more by assertive content scattered throughout social media. This arena bearing strong influence molded the storylines that shaped public perception, teasing the boundaries of what was plausible but ungrounded. And whilst contextual factors diffused potential tensions, the engagement with speculative media content remains an insightful lesson in perception management and cognitive vigilance in the prevalent digital era.</p><p>The analysis of these stories underscores our need to reflect on matters of information credibility and veracity. As these narratives intertwine speculation with reality, robust verification mechanisms become prominent, bridging concepts of curiosity and informed skepticism within fast-moving digital domains.</p><p><img src=\"https://s.hdnux.com/photos/01/42/65/37/25909188/5/ratio3x2_1920.jpg\" alt=\"Analysis of speculative content did elon musk buy ford\"></p><h3>Role of Social Media in Spreading Misinformation</h3><p>Social media is a double-edged sword a dynamic platform for information dissemination and lively discourse, yet also prone to the pitfalls of misinformation spread, exemplified by the rumors of Elon Musk\'s acquisition of Ford. Its intricacies illustrate how effectively unsubstantiated claims can morph into mainstream beliefs, spurred by the virality of intriguing content and the power of human curiosity.</p><p>A pivotal factor stems from the widespread consumption of content without stringent validation rendering it susceptible to misinterpretation or unchecked amplification across diverse demographic spectrums. Platforms including X (formerly Twitter) fostered instant engagement, using algorithms that prioritized sensational content. Consequently, the digital virality created staggering engagement, driven primarily by the promise of excitement and novelty rather than truth.</p><ul><li><strong>Core Dynamics of Social Media\'s Misinformation Spread:</strong></li><li class=\"ql-indent-1\"><em>Sensational Content Appeal</em>: Preference for engaging over verified information.</li><li class=\"ql-indent-1\"><em>Frequent Sharing without Verification</em>: Basis for exaggerated narratives.</li><li class=\"ql-indent-1\"><em>Echo Chamber Effect</em>: Amplification among like-minded audiences.</li></ul><p>Inadequate moderation systems in these expansive platforms add layers of complexity, allowing fabricated claims to eclipse the original reassurance of truth. With scores of AI-generated visuals masquerading narratives of public personas and societal engagement, the intricacies intertwining fact with fiction continue to cause disarray.</p><p>Ultimately, while social media platforms necessitate nuanced content regulation to ensure accuracy, the onus also lies on consumers on driving inquiry with responsibility, discernment, and a commitment to directing the course towards verified information\'s ultimate triumph over captivating falsehoods.</p><p><img src=\"https://theintercept.com/wp-content/uploads/2022/12/elon-musk-henry-ford-2.jpg\" alt=\"Role of social media in spreading misinformation did elon musk buy ford\"></p><h3>Analysis of Viral Videos and Posts About Musk Buying Ford</h3><p>The motif of viral content intriguing in its audacity yet deceptive in its narrative played a central role in propagating the Musk-Ford acquisition rumors. The phenomenon encapsulates the delicate interplay between visual stimulation, cognitive bias, and the human penchant for the remarkable, driving the narrative further into public consciousness.</p><p>Predominantly shaped by emerging technologies including AI-generated and manipulated imagery, these videos and posts breathe life into topics that, although unfounded, captivated a wide audience. Consuming these visually striking and strategically crafted videos invokes a visceral response, drawing audiences into the fantastical metrics of clickbait media without substantial refutation frameworks in place.</p><ul><li><strong>Insights Into Viral Phenomena:</strong></li><li class=\"ql-indent-1\"><em>Visual-First Engagement</em>: Intensifies beliefs when intertwined with charged narratives.</li><li class=\"ql-indent-1\"><em>Cognitive Bias Exploitation</em>: Draws on pre-existing perceptions and excitements.</li><li class=\"ql-indent-1\"><em>Narrative Complexity</em>: Pots boiled through repeated encouragement of imagery-induced context.</li></ul><p>Essentially, vividness amplifies depth a truth where platforms permit creativity without oversight to precede responsibility, molding character perceptions. Such content\'s gains in virality achieve virtual snowballed momentum garnering more attention, albeit without assurances to truth value.</p><p>Understanding these dynamics compels a broader conversational commitment towards accountability within content-sharing realms a silent acknowledgment of reverting the trend lines from fictitious to factual content, thereby bolstering a digitally literate society propelled by informed agency amidst rapid technological campaigns.</p><h2>Implications for the Automotive Market</h2><p>The nebulous movement brought forth by the Musk-Ford rumor fostered a buzz palpably reflected in shifting market perceptions. This indicates the striking influence speculative narratives cast over financial landscapes and behavioral sentiments, fueled by hope, unease, and eagerness for compelling corporate evolutions. Yet, within these fabricated machinations emerged anchor-points insights culled from various nuanced contemplations that unraveled potential ripples across both companies if it were indeed a reality.</p><p>In such an introspective landscape, acknowledging ties stemming from strategic collaboration surpassed great potentiality over acquisitions. These considerations center around readiness required for future challenges, the understanding of complex consumer trajectories, and the increasingly electrified mobility demands redefining automotive agendas.</p><p><img src=\"https://clickpetroleoegas.com.br/wp-content/uploads/2024/09/image-21-13.jpg\" alt=\"Implications for the automotive market did elon musk buy ford\"></p><h3>Market Reactions to the Rumors</h3><p>Market dynamics responded dramatically to mutations in narrative flow spurred by whispers of Elon Musk\'s alleged acquisition investor confidence reflected the intrigue and anticipation rife amidst these speculative development falsities. Given the boundless narrative embedding within social discourse, delving into the heartbeat of market revelation provides clarity on institutional bearing.</p><p>The automotive industry\'s nature, where competition and collaboration coalesce within a transformative electric era, allows speculation risks to cross-pollinate perspectives of disruption and opportunity. Investor perception, fueled by prospects of seismic industry shifts, gravitates between cautious optimism and strategic repositioning.</p><ul><li><strong>Key Features of Market Reactions:</strong></li><li class=\"ql-indent-1\"><em>Short-Term Volatility</em>: Speculative influence on Tesla and Ford stock prices.</li><li class=\"ql-indent-1\"><em>Prospective Strategic Rumblings</em>: Investor repositioning based on anticipated changes.</li><li class=\"ql-indent-1\"><em>Distracted Focus</em>: Real partnership benefits overshadowed amid falsified narratives.</li></ul><p>Each market oscillation mirrored sentiments surrounding these rumors, pivoting beyond pure speculation towards potent long-term implications of potential oligopolistic consolidation or lack thereof. If approached strategically, collaborations offer sectors new pathways that ensure readiness without the heavy implications teetering under regulatory scrutiny and monopoly threat a harmonizing dance between anticipation-led narrative and jurisdictional integrity.</p><p>Ultimately, navigating the threat of monopolization versus manifold spinning tales requires systematic discourse management that emphasizes transparency a vigilant anchoring that guides markets towards stability in shifting terrains driven by evolving public narratives grounded in empirically fashioned truths.</p><p><img src=\"https://media.wusa9.com/assets/VERIFY/images/cdeebe2e-7f4a-43a3-855e-2e8f08602abd/20241108T214900/cdeebe2e-7f4a-43a3-855e-2e8f08602abd_1140x641.jpg\" alt=\"Market reactions to the rumors did elon musk buy ford\"></p><h3>Potential Future Directions for Tesla and Ford Collaboration</h3><p>Peering into the pathway that the&nbsp;<a href=\"https://www.tesla.com/\" rel=\"noopener noreferrer\" target=\"_blank\" style=\"color: rgb(13, 110, 253);\">Tesla</a>-<a href=\"https://www.ford.com/\" rel=\"noopener noreferrer\" target=\"_blank\" style=\"color: rgb(13, 110, 253);\">Ford</a>&nbsp;alliance treads unveils compelling shades towards an electrified horizon an ethos resonating with industry augmentation and competitive rebalancing aimed at unified technological advancement.</p><p>Aligned cooperation, built on mutual respect and tangible advancements, lays fertile ground for industry innovations, dominating the nascent electric vehicle sector. Victory scenarios, beyond short-term misconceptions, channel collaborative efforts toward deliberate, systemic market transformation, amplifying electric mobility’s grand narrative.</p><ul><li><strong>Unified Objectives and Strategic Pathways:</strong></li><li class=\"ql-indent-1\"><em>Comprehensive Infrastructure Focus</em>: Expanding charging autonomy to enhance EV ownership.</li><li class=\"ql-indent-1\"><em>Technological Integration</em>: Co-investment possibilities in autonomous and shared mobility advancements.</li><li class=\"ql-indent-1\"><em>Targeted Sustainability Goals</em>: Leveraging synergy for ecosystem enhancements in material use and production efficiencies.</li></ul><p>As the dialogue around electrified mobility expands, both companies hold the reins to align their collective strengths, penetrating broader market dynamics with a recalibrated emphasis on long-term success, without the burden of fictional acquisition sagas that have disguised genuine aspirations.</p><p>In sum, the narrative arc convenes around selective excellence and collaborative insights, where Tesla and Ford’s allegiance converts intelligent pursuits into landmark continuums shining brighter than the mirage of feigned market disruption prompted by hastily sown acquisition rationales, finding redemption from truth\'s wings flipping within perceptual forward-thinking rituals.</p><p><img src=\"https://i.ytimg.com/vi/IK9PKYhnBcQ/maxresdefault.jpg\" alt=\"Potential future directions for tesla and ford collaboration did elon musk buy\"></p><h2>Conclusion on the Musk and Ford Rumors</h2><p>To surmise, the labyrinthine flow of speculative rumors and transformative strategies underscore the pivotal heartstone how information gathers clouded discernments into cohesive semblances of truth, and how insights emerge from shadowed tales. The convergence of evocative market rhythms and deliberate collaboration encapsulates a focal cornerstone emphasizing strategic impact over unsubstantiated acquisitions.</p><p>As evidenced, the distinction between these whispers and their consequent disputations navigates the modern discourse pathways not premised on feverous exaggerations but grounded amid authentic partnerships. Tesla\'s and Ford\'s willingness to collaborate, share charge networks and break conventional industry molds, projects an optimized future for electric vehicle ecosystems influenced more by the coherence of alliances than tangled or presumed ownership.</p><p><img src=\"https://clickpetroleoegas.com.br/wp-content/uploads/2024/09/image-21-13.jpg\" alt=\"Conclusion on the musk and ford rumors did elon buy\"></p><h3>Clarifying the Misunderstandings Surrounding the Acquisition Claims</h3><p>These unfounded acquisition rumors not only captivated audiences but also underscored the vulnerabilities inherent in today\'s information consumption framework. When dissected thoughtfully, the narrative rests skewed by a sequence of bombardments and media amplification that positions the real-time consumption of veracity secondary within layers of virtualization attempts at reality reconstruction.</p><p>The extricated fiction within claimed Musk-Ford acquisition positions this narrative within society\'s consciousness as a caution a reminder of discernment merged with attentiveness and a milestone for shifting momentum. Such claims needed reframing, addressing the dissonance between rapidly swirling digital counterparts and established channels of confirmation and dissonance.</p><ul><li><strong>Crucial Insight Mechanisms:</strong></li><li class=\"ql-indent-1\"><em>Maintaining Vigilance</em>: Navigate digital speculation contrasting reputable information.</li><li class=\"ql-indent-1\"><em>Balancing Content and Context</em>: Ensure curated judgment in interpreting narratives.</li><li class=\"ql-indent-1\"><em>Anchoring Intentions</em>: Prioritizing acknowledgment of ongoing, validated partnerships.</li></ul><p>By clarifying misunderstandings, these actors reclaim not just narrative resonance but empower momentum through coherent perspectives, undimmed by shadows once caused by questionable horizons. In turn, they craftely spotlight the dynamic interplay of informed skepticism necessitated in harnessing information\'s vast canvas.</p><p><img src=\"https://genuinepartsdeal.com/wp-content/uploads/2024/11/image-14.jpeg\" alt=\"Clarifying the misunderstandings surrounding acquisition claims did elon musk buy ford\"></p><h3>Importance of Reliable Information in Business News</h3><p>Through the breadth of rampant digital storytelling, the narrative surrounding Musk’s alleged acquisition of Ford accentuates an undeniable truth timelines of responsibility and adherence to context lurk as vital catalysts driving accurate, reliable business communications.</p><p>The essence of verified information, threading stories within journalistic integrity, remains non-negotiable balancing sensationalism and stoic perseverance within discernible roots of truth. Understanding relevance proximate to reputable structure amplifies sentiments echoing sustainable cognitive awareness.</p><ul><li><strong>Core Areas of Transparency in Business News:</strong></li><li class=\"ql-indent-1\"><em>Rigorous Investigative Standards</em>: Holding the candle of truth within dynamic consumption.</li><li class=\"ql-indent-1\"><em>Statistics and Data Differentiation</em>: Discerning factual underpinnings among speculative allure.</li><li class=\"ql-indent-1\"><em>Consumer Literacy Emphasis</em>: Cultivating consumption’s authenticity in data-heavy domains.</li></ul><p>To thrive within this age necessitates prioritizing wherein innovation, caution, and digital literacy converge the culture whispered within Musk-Ford rumblings guides transformative braking from exuberant allure toward authentic media channels proximal to the tangible essence of foresight.</p><p>These insights construct pivotal frameworks for tangible outcomes ideacies converging on equilibrium bridging dialogue, resonance, and internet-engendered ethereal narratives to discover purpose through relational diffusion and conscientious cognizance.</p><p><img src=\"https://clickpetroleoegas.com.br/wp-content/uploads/2024/09/image-21-13.jpg\" alt=\"Importance of reliable information in business news did elon musk buy ford\"></p><h3>Key Takeaways</h3><ul><li><strong>Reliable Reports</strong>: Musk\'s supposed acquisition of Ford is a rumor; no credible confirmation exists.</li><li><strong>Partnership, Not Merger</strong>: Tesla and Ford’s notable electric vehicle charging network partnership delineates collaborative strategy.</li><li><strong>Social Media Impact</strong>: Prominent role in rumor spread, emphasizing the need for reading with discernment in digital ages.</li><li><strong>Innovation Over Acquisition</strong>: Prioritizing ecosystem enhancements through strategic coalgignments rather than aggressive consolidation.</li><li><strong>Real Partnerships, True Impacts</strong>: Grounding effect on electricity innovation-conscious goals, transcending misinformation hype.</li></ul><h3>FAQs</h3><ol><li><a href=\"https://genuinepartsdeal.com/news/\" rel=\"noopener noreferrer\" target=\"_blank\" style=\"color: rgb(13, 110, 253);\"><strong>Did Elon Musk buy Ford Motor</strong></a><strong>&nbsp;Company?</strong></li></ol><ul><li class=\"ql-indent-1\">No, Elon Musk did not acquire Ford. It\'s a rumor with no credible basis.</li></ul><ol><li><strong>What is the reason behind the rumors of Musk buying Ford?</strong></li></ol><ul><li class=\"ql-indent-1\">Rumors proliferated due to speculative and misleading social media posts and videos.</li></ul><ol><li><strong>Has there been any official statement from Elon Musk or Ford regarding the acquisition?</strong></li></ol><ul><li class=\"ql-indent-1\">Neither Elon Musk nor Ford has made any official declarations supporting the rumor.</li></ul><ol><li><strong>What kind of partnership exists between Tesla and Ford?</strong></li></ol><ul><li class=\"ql-indent-1\">Tesla and Ford have partnered to allow Ford’s EVs to access Tesla\'s Supercharger network.</li></ul><ol><li><strong>How does social media contribute to spreading inaccurate information?</strong></li></ol><ul><li class=\"ql-indent-1\">Social media platforms expedite the spread of misinformation through viral content and sensationalism that often lacks verification.</li></ul><p><strong>Share:</strong></p><p><br></p><p><a href=\"https://www.addtoany.com/share#url=https%3A%2F%2Fgenuinepartsdeal.com%2Felon-musk-buy-ford-rumors-fact-vs-fiction-analyzed&amp;title=Elon%20Musk%20Buy%20Ford%20Rumors%20%E2%80%93%20Fact%20vs.%20Fiction%20Analyzed\" rel=\"noopener noreferrer\" target=\"_blank\" style=\"color: rgb(13, 110, 253);\">Share</a></p><p><br></p><p><a href=\"https://genuinepartsdeal.com/#facebook\" rel=\"noopener noreferrer\" target=\"_blank\" style=\"color: rgb(13, 110, 253);\">Facebook</a></p><p><br></p><p><a href=\"https://genuinepartsdeal.com/#twitter\" rel=\"noopener noreferrer\" target=\"_blank\" style=\"color: rgb(13, 110, 253);\">Twitter</a></p><p><br></p><p><a href=\"https://genuinepartsdeal.com/#facebook_messenger\" rel=\"noopener noreferrer\" target=\"_blank\" style=\"color: rgb(13, 110, 253);\">Messenger</a></p><p><br></p><p><a href=\"https://genuinepartsdeal.com/#copy_link\" rel=\"noopener noreferrer\" target=\"_blank\" style=\"color: rgb(13, 110, 253);\">Copy Link</a></p><iframe class=\"ql-video\" frameborder=\"0\" allowfullscreen=\"true\" src=\"https://button-share.zalo.me/share_inline?id=74800041-5cfe-44ab-b5cf-f61001d59f0f&amp;layout=3&amp;color=blue&amp;customize=false&amp;width=30&amp;height=30&amp;isDesktop=true&amp;url=https%3A%2F%2Fgenuinepartsdeal.com%2Felon-musk-buy-ford-rumors-fact-vs-fiction-analyzed&amp;d=eyJ1cmwiOiJodHRwczovL2dlbnVpbmVwYXJ0c2RlYWwuY29tL2Vsb24tbXVzay1idXktZm9yZC1ydW1vcnMtZmFjdC12cy1maWN0aW9uLWFuYWx5emVkIn0%253D&amp;shareType=0\" height=\"30px\" width=\"30px\"></iframe><p><br></p><h2><strong style=\"background-color: initial; color: rgb(255, 255, 255);\">Related articles</strong></h2><p><a href=\"https://genuinepartsdeal.com/unveiling-the-2024-acura-mdx-type-s-a-luxury-suv-redefined\" rel=\"noopener noreferrer\" target=\"_blank\" style=\"color: rgb(13, 110, 253);\"><img src=\"https://genuinepartsdeal.com/thumbs/862x540x1/upload/news/image-7-3528.png\" alt=\"Unveiling the 2024 Acura MDX Type S: A Luxury SUV Redefined\"></a></p><p>14 Jan, 2025</p><h3><a href=\"https://genuinepartsdeal.com/unveiling-the-2024-acura-mdx-type-s-a-luxury-suv-redefined\" rel=\"noopener noreferrer\" target=\"_blank\" style=\"color: rgb(37, 37, 37);\">Unveiling the 2024 Acura MDX Type S: A Luxury SUV Redefined</a></h3><p>The 2024 Acura MDX Type S is a luxury SUV that promises an exhilarating driving...</p><p><a href=\"https://genuinepartsdeal.com/best-german-sedans-for-2023\" rel=\"noopener noreferrer\" target=\"_blank\" style=\"color: rgb(13, 110, 253);\"><img src=\"https://genuinepartsdeal.com/thumbs/862x540x1/upload/news/image-8-1604.png\" alt=\"Best German Sedans for 2023\"></a></p><p>14 Jan, 2025</p><h3><a href=\"https://genuinepartsdeal.com/best-german-sedans-for-2023\" rel=\"noopener noreferrer\" target=\"_blank\" style=\"color: rgb(37, 37, 37);\">Best German Sedans for 2023</a></h3><p>Best German Sedans for 2023 German sedans are renowned for their exceptional performance, luxurious features,...</p><p><a href=\"https://genuinepartsdeal.com/the-2024-porsche-cayenne-turbo-e-hybrid-suv-and-coupe\" rel=\"noopener noreferrer\" target=\"_blank\" style=\"color: rgb(13, 110, 253);\"><img src=\"https://genuinepartsdeal.com/thumbs/862x540x1/upload/news/image-9-2857.png\" alt=\"The 2024 Porsche Cayenne Turbo E-Hybrid SUV and Coupe\"></a></p><p>14 Jan, 2025</p><h3><a href=\"https://genuinepartsdeal.com/the-2024-porsche-cayenne-turbo-e-hybrid-suv-and-coupe\" rel=\"noopener noreferrer\" target=\"_blank\" style=\"color: rgb(37, 37, 37);\">The 2024 Porsche Cayenne Turbo E-Hybrid SUV and Coupe</a></h3><p>The 2024 Porsche Cayenne Turbo E-Hybrid SUV and Coupe: Redefining Luxury and Performance In this...</p><p><a href=\"https://genuinepartsdeal.com/where-are-porsche-cars-made-2023-reviews\" rel=\"noopener noreferrer\" target=\"_blank\" style=\"color: rgb(13, 110, 253);\"><img src=\"https://genuinepartsdeal.com/thumbs/862x540x1/upload/news/azpartsnow-porsche-panamera-5045-8910.jpg\" alt=\"Where are Porsche Cars Made? 2023 reviews\"></a></p><p>26 Feb, 2025</p><h3><a href=\"https://genuinepartsdeal.com/where-are-porsche-cars-made-2023-reviews\" rel=\"noopener noreferrer\" target=\"_blank\" style=\"color: rgb(37, 37, 37);\">Where are Porsche Cars Made? 2023 reviews</a></h3><p>The Birthplace of Porsche: Zuffenhausen, Germany Porsche has a rich history that dates back to...</p><p><a href=\"https://genuinepartsdeal.com/where-are-honda-cars-made-2023-reviews\" rel=\"noopener noreferrer\" target=\"_blank\" style=\"color: rgb(13, 110, 253);\"><img src=\"https://genuinepartsdeal.com/thumbs/862x540x1/upload/news/genuinepartsdeal-honda-civic-768x486-5848.jpg\" alt=\"Where Are Honda Cars Made? 2023 reviews\"></a></p><p>26 Feb, 2025</p><h3><a href=\"https://genuinepartsdeal.com/where-are-honda-cars-made-2023-reviews\" rel=\"noopener noreferrer\" target=\"_blank\" style=\"color: rgb(37, 37, 37);\">Where Are Honda Cars Made? 2023 reviews</a></h3><p>Where Are Honda Cars Made? Exploring the Global Manufacturing of Honda Vehicles The Honda brand...</p><p><a href=\"https://genuinepartsdeal.com/how-to-order-a-tesla-5-steps-to-go\" rel=\"noopener noreferrer\" target=\"_blank\" style=\"color: rgb(13, 110, 253);\"><img src=\"https://genuinepartsdeal.com/thumbs/862x540x1/upload/news/tesla-charging-genuinepartsdeal-your-prime-source-for-genuine-parts-768x512-4105-1726.jpg\" alt=\"How to order a Tesla – 5 steps to go\"></a></p><p>26 Feb, 2025</p><h3><a href=\"https://genuinepartsdeal.com/how-to-order-a-tesla-5-steps-to-go\" rel=\"noopener noreferrer\" target=\"_blank\" style=\"color: rgb(37, 37, 37);\">How to order a Tesla – 5 steps to go</a></h3><p>A COMPREHENSIVE GUIDE TO BUYING A TESLA: YOUR STEP-BY-STEP JOURNEY BEGINS HERE! Tesla, the brainchild...</p><p><a href=\"https://genuinepartsdeal.com/how-many-tesla-cars-you-can-buy-if-you-win-14-billion-usd-powerball\" rel=\"noopener noreferrer\" target=\"_blank\" style=\"color: rgb(13, 110, 253);\"><img src=\"https://genuinepartsdeal.com/thumbs/862x540x1/upload/news/slider2-768x283-4335-3222.jpg\" alt=\"HOW MANY TESLA CARS YOU CAN BUY IF YOU WIN 1.4 BILLION USD POWERBALL\"></a></p><p>26 Feb, 2025</p><h3><a href=\"https://genuinepartsdeal.com/how-many-tesla-cars-you-can-buy-if-you-win-14-billion-usd-powerball\" rel=\"noopener noreferrer\" target=\"_blank\" style=\"color: rgb(37, 37, 37);\">HOW MANY TESLA CARS YOU CAN BUY IF YOU WIN 1.4 BILLION USD POWERBALL</a></h3><p>The Powerball lottery game has been making headlines recently, thanks to its skyrocketing jackpot. On...</p><p><a href=\"https://genuinepartsdeal.com/tesla-unlikely-to-accept-bitcoin-again-the-impact-on-the-automotive-industry\" rel=\"noopener noreferrer\" target=\"_blank\" style=\"color: rgb(13, 110, 253);\"><img src=\"https://genuinepartsdeal.com/thumbs/862x540x1/upload/news/teslabitcoin-768x510-2868-9222.jpg\" alt=\"Tesla Unlikely to Accept Bitcoin Again: The Impact on the Automotive Industry\"></a></p><p>26 Feb, 2025</p><h3><a href=\"https://genuinepartsdeal.com/tesla-unlikely-to-accept-bitcoin-again-the-impact-on-the-automotive-industry\" rel=\"noopener noreferrer\" target=\"_blank\" style=\"color: rgb(37, 37, 37);\">Tesla Unlikely to Accept Bitcoin Again: The Impact on the Automotive Industry</a></h3><p>Since its inception, Bitcoin has revolutionized the financial industry and has gained significant popu</p><p><br></p>',1,'images/B8X6DcMKMDnmNYwK9AQUp0C1ZKTbUd1CKEoyIiVh.png',1,1,1,'2025-03-08 02:27:00','2025-03-08 02:27:00',NULL);
/*!40000 ALTER TABLE `posts` ENABLE KEYS */;
UNLOCK TABLES;

--
-- Table structure for table `product_order`
--

DROP TABLE IF EXISTS `product_order`;
/*!40101 SET @saved_cs_client     = @@character_set_client */;
/*!50503 SET character_set_client = utf8mb4 */;
CREATE TABLE `product_order` (
  `id` bigint unsigned NOT NULL AUTO_INCREMENT,
  `product_id` bigint unsigned NOT NULL,
  `order_id` bigint unsigned NOT NULL,
  `quantity` int NOT NULL,
  `created_at` timestamp NULL DEFAULT NULL,
  `updated_at` timestamp NULL DEFAULT NULL,
  `price` int NOT NULL DEFAULT '0',
  `product_variant_id` bigint unsigned NOT NULL,
  PRIMARY KEY (`id`)
) ENGINE=InnoDB AUTO_INCREMENT=14 DEFAULT CHARSET=utf8mb4 COLLATE=utf8mb4_unicode_ci;
/*!40101 SET character_set_client = @saved_cs_client */;

--
-- Dumping data for table `product_order`
--

LOCK TABLES `product_order` WRITE;
/*!40000 ALTER TABLE `product_order` DISABLE KEYS */;
INSERT INTO `product_order` VALUES (1,8,2,2,NULL,NULL,400000,0),(2,10,3,2,NULL,NULL,45000,0),(3,9,4,2,NULL,NULL,45000,0),(4,9,5,2,NULL,NULL,45000,0),(5,10,6,2,NULL,NULL,45000,0),(6,10,7,2,NULL,NULL,45000,0),(7,10,8,1,NULL,NULL,56000,0),(8,8,8,1,NULL,NULL,45000,0),(9,9,8,1,NULL,NULL,45000,0),(10,9,9,2,NULL,NULL,45000,0),(11,9,10,5,NULL,NULL,45000,0),(12,9,11,5,NULL,NULL,45000,0),(13,8,12,1,NULL,NULL,45000,0);
/*!40000 ALTER TABLE `product_order` ENABLE KEYS */;
UNLOCK TABLES;

--
-- Table structure for table `product_variants`
--

DROP TABLE IF EXISTS `product_variants`;
/*!40101 SET @saved_cs_client     = @@character_set_client */;
/*!50503 SET character_set_client = utf8mb4 */;
CREATE TABLE `product_variants` (
  `id` bigint unsigned NOT NULL AUTO_INCREMENT,
  `product_id` bigint unsigned NOT NULL,
  `size_id` bigint unsigned NOT NULL,
  `color_id` bigint unsigned NOT NULL,
  `quantity` int NOT NULL,
  `created_at` timestamp NULL DEFAULT NULL,
  `updated_at` timestamp NULL DEFAULT NULL,
  PRIMARY KEY (`id`)
) ENGINE=InnoDB DEFAULT CHARSET=utf8mb4 COLLATE=utf8mb4_unicode_ci;
/*!40101 SET character_set_client = @saved_cs_client */;

--
-- Dumping data for table `product_variants`
--

LOCK TABLES `product_variants` WRITE;
/*!40000 ALTER TABLE `product_variants` DISABLE KEYS */;
/*!40000 ALTER TABLE `product_variants` ENABLE KEYS */;
UNLOCK TABLES;

--
-- Table structure for table `products`
--

DROP TABLE IF EXISTS `products`;
/*!40101 SET @saved_cs_client     = @@character_set_client */;
/*!50503 SET character_set_client = utf8mb4 */;
CREATE TABLE `products` (
  `id` bigint unsigned NOT NULL AUTO_INCREMENT,
  `name` varchar(255) CHARACTER SET utf8mb4 COLLATE utf8mb4_unicode_ci NOT NULL,
  `description` text CHARACTER SET utf8mb4 COLLATE utf8mb4_unicode_ci,
  `price` int NOT NULL,
  `quantity` int NOT NULL,
  `status` varchar(255) CHARACTER SET utf8mb4 COLLATE utf8mb4_unicode_ci NOT NULL,
  `user_id` bigint unsigned NOT NULL,
  `deleted_at` timestamp NULL DEFAULT NULL,
  `created_at` timestamp NULL DEFAULT NULL,
  `updated_at` timestamp NULL DEFAULT NULL,
  `avatar_url` varchar(255) CHARACTER SET utf8mb4 COLLATE utf8mb4_unicode_ci DEFAULT NULL,
  `discount` int DEFAULT NULL,
  `discount_deadline` date DEFAULT NULL,
  `brand_id` bigint unsigned NOT NULL,
  PRIMARY KEY (`id`)
) ENGINE=InnoDB AUTO_INCREMENT=11 DEFAULT CHARSET=utf8mb4 COLLATE=utf8mb4_unicode_ci;
/*!40101 SET character_set_client = @saved_cs_client */;

--
-- Dumping data for table `products`
--

LOCK TABLES `products` WRITE;
/*!40000 ALTER TABLE `products` DISABLE KEYS */;
INSERT INTO `products` VALUES (1,'Hộp Quà Nice Night','<h3>Đặc tính mô tả</h3><p><strong>1. Kích thước hộp:</strong>&nbsp;25 x 15 x 10cm</p><p><strong>2. Hộp quà bao gồm:</strong></p><p>- 1 bịt mắt ngủ vải lụa satin</p><p>- 1 nến thơm hương hoa hồng 4Oz</p><p>- 1 hộp quẹt dài chuyên dùng để thắp nến</p><p>- 1 lọ trà hoa hồng Tây Tạng 50g</p><p>- 1 lọ mật ong hoa cà phê cao cấp 300g</p><p>- 1 que gỗ múc mật ong</p><p>- Thiệp</p><p><strong>3. Thành phần nến:&nbsp;</strong>Sáp đậu nành, bấc cotton hoặc bấc gỗ, tinh dầu thiên nhiên</p><h3>Ghi chú từ Chus</h3><p>Sau một ngày dài mệt mỏi, việc giữ cho cơ thể và tinh thần được thoải mái là điều rất quan trọng cho một sức khỏe bền bỉ. Với Nice Night, bạn có thể nhấm nháp trà hoa thơm lừng pha với mật ong khi đang ngồi trong không gian đầy hương thơm từ ánh nến, rồi tận hưởng một giấc ngủ ngon mà chẳng sợ ánh sáng đột ngột làm chói mắt từ bịt mắt ngủ mềm mại.</p><h3>Chú thích</h3><p><strong>1. Điều kiện đổi trả</strong></p><p>Quý khách có thể đổi trả hàng trong các trường hợp sau:</p><p>- Hộp quà bị hư hại, móp méo nặng nề, bị rách, ướt... trong quá trình vận chuyển.</p><p>- Sau khi mở hộp quà, món quà bị vỡ, bể, rách, không đủ số lượng hoặc mẫu mã như thông tin trên web hoặc như thỏa thuận ban đầu.</p><p>- Một số món quà khi hết hàng, The Joy Box sẽ thay đổi màu sắc, kiểu dáng hoặc loại hàng ngang giá cho quý khách. Chúng tôi sẽ thông báo qua email/ điện thoại cho Quý khách trước khi gửi hộp quà.</p><p>Khách hàng gửi hình ảnh tình trạng hộp quà hoặc món hàng sau khi unbox, chứng minh sự thiếu sót trên để hoàn thành việc hoàn trả/đổi trả hàng hóa.&nbsp;</p><p><strong>2.&nbsp;Quy định về thời gian thông báo và gửi sản phẩm đổi trả:</strong></p><p>- Thời gian thông báo đổi trả: trong vòng 7 ngày kể từ khi nhận sản phẩm đối với trường hợp sản phẩm thiếu quà tặng hoặc bể vỡ.</p><p>- Thời gian gửi chuyển trả sản phẩm: trong vòng 14 ngày kể từ khi nhận sản phẩm.</p><p><strong>Địa điểm đổi trả sản phẩm:</strong>&nbsp;khách hàng có thể mang hàng trực tiếp đến cửa hàng The Joy Box hoặc thương hiệu sẽ hỗ trợ bạn chuyển hoàn đơn hàng.</p>',10000,5,'published',1,NULL,'2023-12-25 16:08:27','2023-12-25 16:08:27','images/m3QjUyK1qq2wiKkFD2xSHf9fIRfAXgxGiX035N67.webp',NULL,NULL,0),(2,'Set Bom Tắm Passion Tinh Dầu Thiên Nhiên, Mymood - CHUS','<h3>Đặc tính mô tả</h3><p><strong>- Set gồm 3 bom tắm:</strong>&nbsp;Solar System, Citrus Love, Dreamie</p><p><strong>- Khối lượng:&nbsp;</strong>160g/ bom tắm</p><p>-&nbsp;<strong>Đường kính:</strong>&nbsp;8cm/ bom tắm</p><p><strong>- Thành phần:&nbsp;</strong></p><p><strong>+&nbsp;Solar System:&nbsp;</strong>Baking soda, citric acid, bột kem tartar, đất sét cao lanh, SLSA, dầu quả bơ, polysorbate 80, tinh dầu thiên nhiên (cam, hoa ylang ylang, gỗ trắc), synthetic fluorphlogopite, tin oxide, CI 42090, CI 19140, Cl 45410&nbsp;</p><p><br></p><p>+ <strong>Citrus Love:&nbsp;</strong></p><p>Baking soda, citric acid, bột kem tartar, đất sét cao lanh, SLSA, dầu quả bơ, polysorbate 80, tinh dầu thiên nhiên (bưởi, cam, chanh), synthetic fluorphlogopite, tin oxide, CI 42090, CI 19140, Cl 45410&nbsp;</p><p>+ Dr<strong>eamie:&nbsp;</strong></p><p>Baking soda, citric acid, bột kem tartar, đất sét cao lanh, SLSA, dầu quả bơ, polysorbate 80, tinh dầu thiên nhiên (oải hương, ylang ylang, gỗ đàn hương), synthetic fluorphlogopite, tin oxide, CI 42090, CI 19140, Cl 45410</p><h3>Ghi chú từ Chus</h3><p>Một số<strong> mẹo và lưu ý khi sử dụng bom tắm:</strong></p><p><br></p><p>1. Cắt bom tắm ra làm đôi. Mỗi quả bom tắm có thể được sử dụng hai lần.</p><p>2. Trước khi bắt đầu tắm, chuẩn bị đầy đủ những thứ có thể dùng để thư giãn như nến, trà, rượu vang, bật nhạc.</p><p>3. Cho thêm cánh hoa tươi hoặc cánh hoa khô vào bồn. Nên chuẩn bị lưới lọc ở phần thoát nước của bồn tắm nhằm tránh bị nghẹt.</p><p>4. Sau khi tắm xong, nếu vẫn còn màu dính trên bồn tắm, hãy rửa lại bồn và tắm lại qua nước để loại bỏ màu còn dính trên da.</p><p>5. Nếu không có bồn tắm, bạn có thể cắt bom tắm ra làm mẩu nhỏ, cho vào túi lưới và treo trước vòi hoa sen và tắm bình thường. Hương tinh dầu sẽ lan tỏa, đồng thời bạn cũng sẽ được đắm mình trong không gian đầy màu sắc thơ mộng của bom tắm.</p><h3>Chú thích</h3><p>1. Cô<strong>ng dụng:</strong></p><p><br></p><p>- Solar System: Dưỡng ẩm và nuôi dưỡng da, giảm stress, giảm lo âu</p><p>- Citrus Love: Dưỡng ẩm và nuôi dưỡng da, làm tâm trạng tốt hơn, giảm stress</p><p>- Dreamie: Thải độc, làm sạch da và dưỡng ẩm, giảm căng thẳng và cải thiện giấc ngủ</p><p>2. L<strong>ưu ý:</strong></p><p><br></p><p>- Sản phẩm bom tắm không phải là sản phẩm tạo bọt. Bom tắm sủi và tạo mùi hương, màu sắc cho bồn tắm. Nếu bạn mong muốn tạo bọt khi tắm, hãy tham khảo các sản phẩm Bánh tạo bọt.</p><p>- Nếu bạn cầm vào bom tắm khi nó đang sủi, tay bạn có thể sẽ bị dính màu tạm thời và sẽ trôi hết trong vài giờ</p><p>- Giữ bom tắm cách xa khu vực có độ ẩm cao và ánh sáng mặt trời. Độ ẩm gây giảm khả năng sủi, mềm bom tắm và ánh sáng làm phai màu của sản phẩm</p>',40000,48,'published',1,NULL,'2023-12-25 16:10:55','2023-12-30 03:35:50','images/yx7UTCyh05vJg7nehLmgU2W66itjqVmrD7TKKO3r.webp',NULL,NULL,0),(3,'Quả cầu pha lê hoa hồng','<h2>Quả cầu pha lê hoa hồng có cấu tạo, kích thước như thế nào</h2><p class=\"ql-align-justify\">Quả cầu pha lê hoa hồng được làm từ chất liệu pha lê K9. Sản phẩm bao gồm 2 thành phần: phần quả cầu pha lê và đế đèn Led.</p><p class=\"ql-align-justify\">Quả cầu pha lê có kích thước 8 cm. Được chế tác bằng công nghệ khắc laser 3D bên trong lòng của quả cầu. Mang lại hình ảnh có chiều sâu, sống động và sắc nét. Họa tiết bông hoa hồng lãng mạn kèm theo dòng chữ “I love you” mang thông điệp về tình yêu đôi lứa.</p><p class=\"ql-align-center\"><img src=\"https://shopquatructuyen.com/wp-content/uploads/2019/05/qua-cau-pha-le-hoa-hong-2.jpg\" alt=\"quả cầu pha lê hoa hồng\" height=\"600\" width=\"600\"></p><p class=\"ql-align-center\"><span class=\"ql-cursor\">﻿</span></p><p class=\"ql-align-justify\">Đế đèn Led có 3 loại để bạn lựa chọn. Loại thứ nhất là đế đèn Led pha lê được gắn liền với khối pha lê. Kích thước sản phẩm khi gắn đế là chiều cao 10 cm, rộng 8 cm. Đế pha lê có đèn Led đổi màu. (có nhiều màu tự động thay đổi). Đế đèn dùng pin. Có thể thay pin khi hết. (<a href=\"https://shopquatructuyen.com/\" rel=\"noopener noreferrer\" target=\"_blank\" style=\"color: rgb(30, 115, 190); background-color: transparent;\">Shop quà trực tuyến</a>&nbsp;có cung cấp pin).&nbsp;<strong>Quả cầu pha lê hoa hồng kèm đế pha lê có giá bán 349k.</strong></p><p class=\"ql-align-justify\"><br></p><p class=\"ql-align-center\"><img src=\"https://shopquatructuyen.com/wp-content/uploads/2019/05/qua-cau-pha-le-hoa-hong-4.jpg\" alt=\"quả cầu pha lê hoa hồng\" height=\"525\" width=\"600\"></p><p class=\"ql-align-center\"><br></p><p class=\"ql-align-justify\">Loại đế thứ 2 là đế gỗ có kết nối Bluetooth. Được làm từ chất liệu gỗ tự nhiên với những đường vân gỗ rất đẹp mắt. Đế gỗ tích hợp rất nhiều chức năng, đi kèm với một chiếc điều khiển. Bạn có thể chọn chế độ sáng đơn sắc (với 6 màu), chọn chế độ đổi màu, sáng nhấp nháy, tăng giảm độ sáng, … Đặc biệt bạn có thể kết nối với các thiết bị khác thông qua bluetooth để biến nó trở thành 1 loa phát nhạc. Loại đế này có hình vuông hoặc tròn.</p><p class=\"ql-align-justify\"><br></p><p class=\"ql-align-center\"><img src=\"https://shopquatructuyen.com/wp-content/uploads/2019/05/qua-cau-pha-le-hoa-hong-5.jpg\" alt=\"quả cầu pha lê hoa hồng\" height=\"600\" width=\"600\"></p><p class=\"ql-align-center\"><br></p><p class=\"ql-align-justify\">Kích thước của quả cầu pha lê hoa hồng kèm đế gỗ là chiều cao 12 cm, chiều rộng 8,5 cm.&nbsp;<strong>Quả cầu pha lê hoa hồng kèm đế gỗ có giá bán 699k.</strong></p><p class=\"ql-align-justify\">Loại đế thứ 3 cũng là loại đế gỗ tương tự như loại thứ 2. Nhưng điểm khác biệt là nó không hỗ trợ kết nối bluetooth. Bù lại nó lại được tích hợp nhạc sẵn bên trong và có khả năng xoay. Có tới 20 bản nhạc được phát nối tiếp nhau. Đây đều là những bản nhạc rất nổi tiếng như: castle in the sky, titanic, kiss the rain, …Đèn Led tự động đổi màu. Có 2 chế độ: một chế độ phát nhạc, đèn Led đổi màu và xoay. Chế độ 2 là phát nhạc, đèn Led đổi màu nhưng không xoay. Bạn có thể lựa chọn chế độ tùy theo ý mình qua 1 nút công tắc bên dưới.&nbsp;<strong>Quả cầu pha lê hoa hồng kèm với đế loại này cũng có giá 699k.</strong></p><p class=\"ql-align-justify\"><br></p><p class=\"ql-align-center\"><img src=\"https://shopquatructuyen.com/wp-content/uploads/2019/05/qua-cau-pha-le-hoa-hong-6.jpg\" alt=\"quả cầu pha lê hoa hồng\" height=\"600\" width=\"600\"></p><p class=\"ql-align-center\"><br></p><p class=\"ql-align-justify\">Sản phẩm này được đóng gói kèm theo hộp quà tặng sang trọng, lịch sự. Ngoài ra chúng tôi cũng hỗ trợ gói quà và tặng thiệp miễn phí. Nếu bạn ở các tỉnh xa thì cũng có thể hoàn toàn yên tâm về hàng trong quá trình vận chuyển. Hàng đến tay bạn đảm bảo sẽ không bị hư hại.</p><p class=\"ql-align-justify\"><br></p><p class=\"ql-align-center\"><img src=\"https://shopquatructuyen.com/wp-content/uploads/2019/05/hop-dung-qua-cau-pha-le-1.jpg\" alt=\"hộp đựng quả cầu pha lê\" height=\"600\" width=\"600\"></p><p class=\"ql-align-center\"><br></p><h2>Quả cầu pha lê hoa hồng dành tặng ai hợp lý</h2><p class=\"ql-align-justify\">Quả cầu pha lê hoa hồng thích hợp làm&nbsp;<a href=\"https://shopquatructuyen.com/qua-tang-ban-gai/\" rel=\"noopener noreferrer\" target=\"_blank\" style=\"color: rgb(30, 115, 190); background-color: transparent;\">quà tặng bạn gái</a>&nbsp;nhân dịp sinh nhật, Valentine, 8/3, … Cũng có thể dùng làm quà tặng cho bạn trai. Với thông điệp ý nghĩa lãng mạn kết hợp với hiệu ứng ánh sáng lung linh chắc chắn sẽ là món quà mà tất cả các bạn nữ đều ao ước.</p>',34900,40,'published',1,NULL,'2023-12-30 02:53:10','2023-12-30 02:53:10','images/XYFHZi4xOv5qlexqTk06YWKK0VJCTRxOszfYpOfj.jpg',10,'2024-01-20',0),(4,'Đồng hồ cát đồng 3 trụ','<p>Đồng hồ cát đồng 3 trụ có 2 size.</p><p>Size nhỏ có kích thước chiều cao 22 cm, đường kính 16 cm. Thời gian cát chảy 30 phút. Giá bán 549k.</p><p>Size lớn có kích thước chiều cao 32 cm, đường kính 17 cm. Thời gian cát chảy 60 phút.Giá bán 649k.</p><p>Bạn có thể ghi chú size muốn đặt trong phần ghi chú khi đặt hàng. Shop sẽ liên hệ lại với bạn để chốt đơn trước khi gửi hàng.</p><p>Đồng hồ cát đồng 3 trụ thích hợp làm quà tặng cho sếp, quà tặng đồng nghiệp, làm món đồ trang trí văn phòng, …</p>',45000,40,'published',1,NULL,'2023-12-30 02:58:22','2023-12-30 04:39:52','images/n1CEF0pGs0vqOAEozNsGxutMiqNnbNiMlhsPlycn.jpg',NULL,NULL,0),(5,'Mèo bông tròn','<p>Mèo bông tròn được làm từ chất liệu bông mịn, an toàn khi sử dụng.</p><p>Sản phẩm có nhiều màu để bạn lựa chọn: màu trắng, màu vàng, màu xám và màu đen. Bạn có thể ghi chú màu muốn chọn khi đặt hàng. Shop sẽ liên hệ lại với bạn để chốt đơn hàng trước khi gửi.</p><p>Kích thước chiều dài 35 cm.</p><p>Mèo bông tròn thích hợp làm quà tặng cho bé, quà tặng bạn gái, quà sinh nhật hay quà tặng tết thiếu nhi, …</p>',30000,66,'published',1,NULL,'2023-12-30 03:00:03','2023-12-30 03:00:03','images/AZTJkZJ591gLtQFqQBrg2hkW8Ci6msSHTIGkQ9DU.jpg',NULL,NULL,0),(6,'Chó bông Poodle','<p>Chó bông Poodle được làm từ chất liệu bông cao cấp.</p><p>Kích thước 30 cm.</p><p>Có 3 màu: màu trắng, màu nâu và màu vàng.</p><p>Chú chó này có khuôn mặt rất ngộ nghĩnh đáng yêu.</p><p>Thích hợp làm quà tặng cho bạn gái, quà tặng cho trẻ em.</p>',60000,67,'published',1,NULL,'2023-12-30 03:02:04','2023-12-30 03:02:04','images/CJZF4EedreBJ5cUzENK7iZV2dU2JeEhw1bNli57M.jpg',NULL,NULL,0),(7,'Quà Tặng Cặp Đôi Tình Nhân Hình Trái Tim','<p><span style=\"color: rgba(0, 0, 0, 0.8);\">Quà Tặng Cặp Đôi Tình Nhân Hình Trái Tim, Có Đèn Led, Có Âm Thanh Phát Nhạc, Trang Trí Decor, Quà Tặng Ngày Lễ Tình Yêu</span></p><p><br></p><p><span style=\"color: rgba(0, 0, 0, 0.8);\">Thông Tin Sản Phẩm</span></p><p><br></p><p><span style=\"color: rgba(0, 0, 0, 0.8);\">- Chất liệu: Nhựa PVC cao cấp</span></p><p><br></p><p><span style=\"color: rgba(0, 0, 0, 0.8);\">- Chiều cao: 12x6x17 cm </span></p><p><br></p><p><span style=\"color: rgba(0, 0, 0, 0.8);\">- Trọng lượng: 250gram</span></p><p><br></p><p><span style=\"color: rgba(0, 0, 0, 0.8);\">- Đèn Trang Trí phòng học tập, phong làm viêc, làm đèn ngủ ko gian thoải mái, thư giãn. Ngoài ra còn làm quà tặng sinh nhật, ngày lễ tình nhân, noel .....</span></p><p><br></p><p><span style=\"color: rgba(0, 0, 0, 0.8);\">- Sản Phầm Chất Lượng , Đúng Hình , Đúng Mô Tả </span></p><p><br></p><p><span style=\"color: rgba(0, 0, 0, 0.8);\">- Đổi Trả Hàng thoải mái trong 7 ngày  </span></p><p><br></p><p><span style=\"color: rgba(0, 0, 0, 0.8);\">CHÍNH SÁCH ĐỔI TRẢ HÀNG DO SHOPEE QUY ĐỊNH   </span></p><p><br></p><p><span style=\"color: rgba(0, 0, 0, 0.8);\">#đèn_ngủ #đèn_ngủ_thông_minh #LED #đèn_ngủ_sạc_đt #den_ngu #den_ngu_thong_minh #sac_dien_thoai #US#qua_tang#sinh_nhat#noel#tinh_yeu</span></p>',30000,16,'published',1,NULL,'2023-12-30 08:56:11','2023-12-30 08:59:13','images/tOgZUCfRTDkQcipoD5CxA1eAAZa2GmdzlWm4U4j0.jpg',NULL,NULL,0),(8,'Quả cầu tuyết phi hành gia','<p><span style=\"color: rgba(0, 0, 0, 0.8);\">QUẢ CẦU TUYẾT PHI HÀNH GIA</span></p><p><span style=\"color: rgba(0, 0, 0, 0.8);\">Mô tả sản phẩm</span></p><p><span style=\"color: rgba(0, 0, 0, 0.8);\">-kích thước 9*13cm</span></p><p><span style=\"color: rgba(0, 0, 0, 0.8);\">- Chất liệu: quả cầu được làm bằng thủy tinh, có đế bằng composite</span></p><p><span style=\"color: rgba(0, 0, 0, 0.8);\">- Thiết kế đế chắc chắn, màu sắc tươi tắn, có đèn led và nhạc vui nhộn</span></p><p><span style=\"color: rgba(0, 0, 0, 0.8);\">- Quả cầu được chạy bằng pin aa</span></p><p><span style=\"color: rgba(0, 0, 0, 0.8);\">- Phù hợp để trang trí, làm quà tặng,..</span></p><p><span style=\"color: rgba(0, 0, 0, 0.8);\">MI.ROOM DECOR </span></p><p><span style=\"color: rgba(0, 0, 0, 0.8);\">  Chuyên cung cấp sản phẩm decor</span></p><p><span style=\"color: rgba(0, 0, 0, 0.8);\">  Tuyển ctv và sỉ sll, nhỏ</span></p><p><span style=\"color: rgba(0, 0, 0, 0.8);\">  SHOP MI.ROOM DECOR CAM KẾT:</span></p><p><span style=\"color: rgba(0, 0, 0, 0.8);\">- Giao hàng ngay khi nhận đơn</span></p><p><span style=\"color: rgba(0, 0, 0, 0.8);\">- Hỗ trợ khách hàng nhiệt tình</span></p><p><span style=\"color: rgba(0, 0, 0, 0.8);\">- Hàng chính hãng chất lượng cao</span></p><p><span style=\"color: rgba(0, 0, 0, 0.8);\">- Đổi trả hàng uy tín</span></p><p><span style=\"color: rgba(0, 0, 0, 0.8);\"> PHẢN HỒI:</span></p><p><span style=\"color: rgba(0, 0, 0, 0.8);\">1. Xin vui lòng liên hệ với chúng tôi nếu có bất kì thắc mắc gì về sản phẩm trước khi phản hồi tiêu cực tới sản phẩm</span></p><p><span style=\"color: rgba(0, 0, 0, 0.8);\">2. Hãy cho chúng tôi cơ hội để giải quyết tất cả vấn đề các bạn gặp phải về sản phẩm</span></p><p><span style=\"color: rgba(0, 0, 0, 0.8);\">3. Đừng ngại đánh giá 5 sao cho  nếu bạn yêu thích sản phẩm shop chúng mình</span></p>',45000,54,'published',1,NULL,'2023-12-30 08:59:05','2024-01-14 15:31:35','images/gKqrUyUX0G4CGMmq56SDJ28PcMDrTi8Y6dQxvgde.jpg',NULL,NULL,0),(9,'Quà Tặng Sinh Nhật, Lưu Niệm Hộp Trong Suốt Thú Cưng','<p><span style=\"color: rgba(0, 0, 0, 0.8);\">Quà Tặng Sinh Nhật, Lưu Niệm Hộp Trong Suốt Thú Cưng, Decor Trang Trí, Quà Tặng Các Dịp Lễ Đặc Biệt</span></p><p><br></p><p><span style=\"color: rgba(0, 0, 0, 0.8);\">Thông tin sản phẩm</span></p><p><span style=\"color: rgba(0, 0, 0, 0.8);\">- Kích thước size  : Size Bé 17×17×12cm, Size Lớn 28x28x18 cm</span></p><p><span style=\"color: rgba(0, 0, 0, 0.8);\">- Trọng lượng: 200gram</span></p><p><span style=\"color: rgba(0, 0, 0, 0.8);\">- Bộ bao gồm : túi quà tặng , gấu bông kèm than hoạt tính , thiệp sinh nhật , đèn led nhỏ màu vàng , hộp quà nhựa trong suốt kèm nơ thắt.</span></p><p><span style=\"color: rgba(0, 0, 0, 0.8);\">- Hình dáng ưu nhìn thích hợp với mọi lứa tuổi làm quà tặng sinh nhật , đồ trang trí decor phòng ngủ,..</span></p><p><span style=\"color: rgba(0, 0, 0, 0.8);\">- Có than hoạt tính giúp khử mùi , diệt vi khuẩn thích hợp để phòng ngủ , phòng làm việc</span></p><p><span style=\"color: rgba(0, 0, 0, 0.8);\">- Sản Phầm Chất Lượng , Đúng Hình , Đúng Mô Tả </span></p><p><span style=\"color: rgba(0, 0, 0, 0.8);\">- Đổi Trả Hàng thoải mái trong 7 ngày  </span></p><p><span style=\"color: rgba(0, 0, 0, 0.8);\">CHÍNH SÁCH ĐỔI TRẢ HÀNG DO SHOPEE QUY ĐỊNH   </span></p><p><br></p><p><span style=\"color: rgba(0, 0, 0, 0.8);\">#qualuuniem#quatang#giangsinh#sinhnhat#quatangsinhnhat#quatangsinhnhat#dotrangtriphongngu#decorphongngu #quatang #dotrangtri #dodecor #thucungnamngu #gaubongnamngu #hopquasinhnhat #hopquatangsinhnhat #dotrangtrinoithat </span></p>',45000,23,'published',1,NULL,'2023-12-30 09:01:53','2024-01-14 15:27:41','images/8QZQXhh6bygc13LBb7l17R5FAu2VLG8CgWlEeTGa.jpg',NULL,NULL,0),(10,'Lọ Điều Ước Phong Cách Cổ Điển Retro','<p><span style=\"color: rgba(0, 0, 0, 0.8);\">Lọ Điều Ước  Như giúp bạn gửi gắm những thông điệp yêu thương, mang nhiều ý nghĩa thể hiện nguyện ước hạnh phúc, lời chúc may mắn đến bạn bè, người thân, người yêu.</span></p><p><br></p><p><span style=\"color: rgba(0, 0, 0, 0.8);\">Lọ ước có thiết kế đơn giản nhưng tinh tế, mang giá trị nghệ thuật cao. Sản phẩm được làm từ thủy tinh cao cấp, bền đẹp, trang trí tỉ mỉ đến từng chi tiết , tạo nên nét đẹp hoàn hảo cho sản phẩm.</span></p><p><br></p><p><span style=\"color: rgba(0, 0, 0, 0.8);\">Lọ ước có thiết kế đơn giản nhưng tinh tế, mang giá trị nghệ thuật cao. Sản phẩm được làm từ thủy tinh cao cấp, bền đẹp, trang trí tỉ mỉ đến từng chi tiết , tạo nên nét đẹp hoàn hảo cho sản phẩm.</span></p><p><br></p><p><span style=\"color: rgba(0, 0, 0, 0.8);\">Lọ ước có thiết kế đơn giản nhưng tinh tế, mang giá trị nghệ thuật cao. Sản phẩm được làm từ thủy tinh cao cấp, bền đẹp, trang trí tỉ mỉ đến từng chi tiết , tạo nên nét đẹp hoàn hảo cho sản phẩm.</span></p><p><br></p><p><span style=\"color: rgba(0, 0, 0, 0.8);\">Kích thước thực: 2x7 (cm)</span></p>',56000,55,'published',1,NULL,'2023-12-30 09:03:56','2023-12-31 04:07:59','images/ICKZIQP9n6x9yMwg3O0ZxsH2Hv6k2iZ5D8p1emSr.jpg',NULL,NULL,0);
/*!40000 ALTER TABLE `products` ENABLE KEYS */;
UNLOCK TABLES;

--
-- Table structure for table `ratings`
--

DROP TABLE IF EXISTS `ratings`;
/*!40101 SET @saved_cs_client     = @@character_set_client */;
/*!50503 SET character_set_client = utf8mb4 */;
CREATE TABLE `ratings` (
  `id` int unsigned NOT NULL AUTO_INCREMENT,
  `created_at` timestamp NULL DEFAULT NULL,
  `updated_at` timestamp NULL DEFAULT NULL,
  `rating` int NOT NULL,
  `comment` text CHARACTER SET utf8mb4 COLLATE utf8mb4_unicode_ci,
  `rateable_type` varchar(255) CHARACTER SET utf8mb4 COLLATE utf8mb4_unicode_ci NOT NULL,
  `rateable_id` bigint unsigned NOT NULL,
  `user_id` bigint unsigned NOT NULL,
  `is_active` tinyint(1) NOT NULL DEFAULT '1',
  PRIMARY KEY (`id`),
  KEY `ratings_rateable_type_rateable_id_index` (`rateable_type`,`rateable_id`),
  KEY `ratings_rateable_id_index` (`rateable_id`),
  KEY `ratings_rateable_type_index` (`rateable_type`),
  KEY `ratings_user_id_foreign` (`user_id`),
  CONSTRAINT `ratings_user_id_foreign` FOREIGN KEY (`user_id`) REFERENCES `users` (`id`)
) ENGINE=InnoDB AUTO_INCREMENT=5 DEFAULT CHARSET=utf8mb4 COLLATE=utf8mb4_unicode_ci;
/*!40101 SET character_set_client = @saved_cs_client */;

--
-- Dumping data for table `ratings`
--

LOCK TABLES `ratings` WRITE;
/*!40000 ALTER TABLE `ratings` DISABLE KEYS */;
INSERT INTO `ratings` VALUES (1,'2023-12-30 09:20:39','2023-12-30 09:20:39',4,'Sản phẩm tốt','App\\Models\\Order',7,3,1),(2,'2023-12-30 09:20:39','2023-12-30 09:20:39',4,'Sản phẩm tốt','App\\Models\\Product',10,3,1),(3,'2023-12-30 09:29:39','2023-12-30 09:34:02',3,'Giao hàng quá lâu','App\\Models\\Order',6,3,1),(4,'2023-12-30 09:29:39','2023-12-30 09:34:02',3,'Giao hàng quá lâu','App\\Models\\Product',10,3,1);
/*!40000 ALTER TABLE `ratings` ENABLE KEYS */;
UNLOCK TABLES;

--
-- Table structure for table `role_has_permissions`
--

DROP TABLE IF EXISTS `role_has_permissions`;
/*!40101 SET @saved_cs_client     = @@character_set_client */;
/*!50503 SET character_set_client = utf8mb4 */;
CREATE TABLE `role_has_permissions` (
  `permission_id` bigint unsigned NOT NULL,
  `role_id` bigint unsigned NOT NULL,
  PRIMARY KEY (`permission_id`,`role_id`),
  KEY `role_has_permissions_role_id_foreign` (`role_id`),
  CONSTRAINT `role_has_permissions_permission_id_foreign` FOREIGN KEY (`permission_id`) REFERENCES `permissions` (`id`) ON DELETE CASCADE,
  CONSTRAINT `role_has_permissions_role_id_foreign` FOREIGN KEY (`role_id`) REFERENCES `roles` (`id`) ON DELETE CASCADE
) ENGINE=InnoDB DEFAULT CHARSET=utf8mb4 COLLATE=utf8mb4_unicode_ci;
/*!40101 SET character_set_client = @saved_cs_client */;

--
-- Dumping data for table `role_has_permissions`
--

LOCK TABLES `role_has_permissions` WRITE;
/*!40000 ALTER TABLE `role_has_permissions` DISABLE KEYS */;
INSERT INTO `role_has_permissions` VALUES (1,1),(2,1),(3,1),(4,1),(5,1),(6,1),(7,1);
/*!40000 ALTER TABLE `role_has_permissions` ENABLE KEYS */;
UNLOCK TABLES;

--
-- Table structure for table `roles`
--

DROP TABLE IF EXISTS `roles`;
/*!40101 SET @saved_cs_client     = @@character_set_client */;
/*!50503 SET character_set_client = utf8mb4 */;
CREATE TABLE `roles` (
  `id` bigint unsigned NOT NULL AUTO_INCREMENT,
  `name` varchar(255) CHARACTER SET utf8mb4 COLLATE utf8mb4_unicode_ci NOT NULL,
  `guard_name` varchar(255) CHARACTER SET utf8mb4 COLLATE utf8mb4_unicode_ci NOT NULL,
  `created_at` timestamp NULL DEFAULT NULL,
  `updated_at` timestamp NULL DEFAULT NULL,
  PRIMARY KEY (`id`),
  UNIQUE KEY `roles_name_guard_name_unique` (`name`,`guard_name`)
) ENGINE=InnoDB AUTO_INCREMENT=7 DEFAULT CHARSET=utf8mb4 COLLATE=utf8mb4_unicode_ci;
/*!40101 SET character_set_client = @saved_cs_client */;

--
-- Dumping data for table `roles`
--

LOCK TABLES `roles` WRITE;
/*!40000 ALTER TABLE `roles` DISABLE KEYS */;
INSERT INTO `roles` VALUES (1,'Quản trị viên hệ thống','web','2023-12-30 02:48:55','2023-12-30 02:48:55');
/*!40000 ALTER TABLE `roles` ENABLE KEYS */;
UNLOCK TABLES;

--
-- Table structure for table `sizes`
--

DROP TABLE IF EXISTS `sizes`;
/*!40101 SET @saved_cs_client     = @@character_set_client */;
/*!50503 SET character_set_client = utf8mb4 */;
CREATE TABLE `sizes` (
  `id` bigint unsigned NOT NULL AUTO_INCREMENT,
  `value` varchar(255) CHARACTER SET utf8mb4 COLLATE utf8mb4_unicode_ci NOT NULL,
  `created_at` timestamp NULL DEFAULT NULL,
  `updated_at` timestamp NULL DEFAULT NULL,
  PRIMARY KEY (`id`)
) ENGINE=InnoDB DEFAULT CHARSET=utf8mb4 COLLATE=utf8mb4_unicode_ci;
/*!40101 SET character_set_client = @saved_cs_client */;

--
-- Dumping data for table `sizes`
--

LOCK TABLES `sizes` WRITE;
/*!40000 ALTER TABLE `sizes` DISABLE KEYS */;
/*!40000 ALTER TABLE `sizes` ENABLE KEYS */;
UNLOCK TABLES;

--
-- Table structure for table `statistics`
--

DROP TABLE IF EXISTS `statistics`;
/*!40101 SET @saved_cs_client     = @@character_set_client */;
/*!50503 SET character_set_client = utf8mb4 */;
CREATE TABLE `statistics` (
  `id` bigint unsigned NOT NULL AUTO_INCREMENT,
  `date` date NOT NULL,
  `sales` int NOT NULL DEFAULT '0',
  `total_orders` int NOT NULL DEFAULT '0',
  `created_at` timestamp NULL DEFAULT NULL,
  `updated_at` timestamp NULL DEFAULT NULL,
  PRIMARY KEY (`id`)
) ENGINE=InnoDB AUTO_INCREMENT=7 DEFAULT CHARSET=utf8mb4 COLLATE=utf8mb4_unicode_ci;
/*!40101 SET character_set_client = @saved_cs_client */;

--
-- Dumping data for table `statistics`
--

LOCK TABLES `statistics` WRITE;
/*!40000 ALTER TABLE `statistics` DISABLE KEYS */;
INSERT INTO `statistics` VALUES (2,'2023-12-30',486000,5,'2023-12-30 03:35:50','2023-12-30 04:39:52'),(3,'2023-12-29',470000,1,'2023-12-30 09:32:21','2023-12-30 09:32:22'),(4,'2023-12-28',460000,5,'2023-12-30 09:32:33','2023-12-30 09:32:34'),(5,'2023-12-31',157680,1,'2023-12-31 04:07:59','2023-12-31 05:18:52'),(6,'2024-01-14',534600,3,'2024-01-14 15:26:21','2024-01-14 15:31:35');
/*!40000 ALTER TABLE `statistics` ENABLE KEYS */;
UNLOCK TABLES;

--
-- Table structure for table `users`
--

DROP TABLE IF EXISTS `users`;
/*!40101 SET @saved_cs_client     = @@character_set_client */;
/*!50503 SET character_set_client = utf8mb4 */;
CREATE TABLE `users` (
  `id` bigint unsigned NOT NULL AUTO_INCREMENT,
  `name` varchar(255) CHARACTER SET utf8mb4 COLLATE utf8mb4_unicode_ci NOT NULL,
  `email` varchar(255) CHARACTER SET utf8mb4 COLLATE utf8mb4_unicode_ci NOT NULL,
  `phone_number` varchar(255) CHARACTER SET utf8mb4 COLLATE utf8mb4_unicode_ci DEFAULT NULL,
  `address` varchar(255) CHARACTER SET utf8mb4 COLLATE utf8mb4_unicode_ci DEFAULT NULL,
  `email_verified_at` timestamp NULL DEFAULT NULL,
  `password` varchar(255) CHARACTER SET utf8mb4 COLLATE utf8mb4_unicode_ci NOT NULL,
  `two_factor_secret` text CHARACTER SET utf8mb4 COLLATE utf8mb4_unicode_ci,
  `two_factor_recovery_codes` text CHARACTER SET utf8mb4 COLLATE utf8mb4_unicode_ci,
  `two_factor_confirmed_at` timestamp NULL DEFAULT NULL,
  `is_admin` tinyint(1) NOT NULL DEFAULT '0',
  `is_active` tinyint(1) NOT NULL DEFAULT '1',
  `remember_token` varchar(100) CHARACTER SET utf8mb4 COLLATE utf8mb4_unicode_ci DEFAULT NULL,
  `created_at` timestamp NULL DEFAULT NULL,
  `updated_at` timestamp NULL DEFAULT NULL,
  `lang` varchar(255) CHARACTER SET utf8mb4 COLLATE utf8mb4_unicode_ci NOT NULL DEFAULT 'vi',
  PRIMARY KEY (`id`),
  UNIQUE KEY `users_email_unique` (`email`)
) ENGINE=InnoDB AUTO_INCREMENT=11 DEFAULT CHARSET=utf8mb4 COLLATE=utf8mb4_unicode_ci;
/*!40101 SET character_set_client = @saved_cs_client */;

--
-- Dumping data for table `users`
--

LOCK TABLES `users` WRITE;
/*!40000 ALTER TABLE `users` DISABLE KEYS */;
INSERT INTO `users` VALUES (1,'Vũ Minh Hiếu','admin@gmail.com','0377898778',NULL,NULL,'$2y$10$LGSxLT/ecvG7MmO5bkXCiO3S9UMfG1Vm6y71MsLDOGbHAYh5tjZYq',NULL,NULL,NULL,1,1,NULL,'2023-12-25 14:51:31','2025-02-25 13:47:38','vi'),(2,'Vũ Minh Hiếu','vuminhhieu1311@gmail.com','056667878787','Hai Ba Trung',NULL,'$2y$10$vT6z6YDq.SMyKaJYjNSmbuxUuF9d9GXAWsQOly06ArM01wg2kJuC.',NULL,NULL,NULL,0,1,NULL,'2023-12-30 02:49:58','2023-12-30 08:43:26','vi'),(3,'Nguyễn Văn B','b@gmail.com','0377898778','Hai Ba Trung',NULL,'$2y$10$G3NfPT8Lj6nAx.Xfz3OF/OTPYQxd64mP3ynNa1L3uqSWM3OLhrDDy',NULL,NULL,NULL,0,1,NULL,'2023-12-30 04:11:25','2023-12-30 09:07:44','vi'),(4,'Vũ Minh Quang','quang@gmail.com',NULL,NULL,NULL,'$2y$10$Y1QbrNC4pdzbrcCJKWj/XeRp5mq2ZpX9DSTnM6XGeCI1/CLXxkhTm',NULL,NULL,NULL,1,1,NULL,'2023-12-30 08:47:49','2023-12-30 08:47:49','vi'),(5,'Vũ Văn Hanh','hanh@gmail.com',NULL,NULL,NULL,'$2y$10$TnwYh4aZ/A0kgO.SOb6yhOS0QEhwPVNkDne.awNus3fTd1kIcaWLa',NULL,NULL,NULL,1,1,NULL,'2023-12-30 08:48:43','2023-12-30 08:48:43','vi'),(6,'Nguyễn Minh Châu','chau@gmail.com',NULL,NULL,NULL,'$2y$10$EZGNMrLN9Vvh51nH9qB47e1Q.paNHH2.Lf9nk0c29397VyiiDRDKG',NULL,NULL,NULL,0,1,NULL,'2023-12-30 08:49:22','2023-12-30 08:49:22','vi'),(7,'Hoàng Tiến Đạt','dat@gmail.com',NULL,NULL,NULL,'$2y$10$zWWsHy6V490xOS0kKMRsJOP8/5mmHdcvYfrEt7coR57OgeqyGltOW',NULL,NULL,NULL,0,1,NULL,'2023-12-30 08:49:46','2023-12-30 08:49:46','vi'),(8,'Vũ Tiến Quang','quangg@gmail.com',NULL,NULL,NULL,'$2y$10$s66WufqBWrYpXj.wpZk4weZc7nyhCBfGNnUIjdUT05BCqQmP83aay',NULL,NULL,NULL,1,1,NULL,'2023-12-31 04:24:45','2023-12-31 04:24:45','vi'),(9,'Võ Hồng Sơn','son@gmail.com',NULL,NULL,NULL,'$2y$10$1nWSvB3FPof2NwFaOsl8JOO3Zt63aKoUxUQCWYXPojGgd5ZUD1z8q',NULL,NULL,NULL,1,1,NULL,'2023-12-31 04:25:06','2023-12-31 04:25:06','vi');
/*!40000 ALTER TABLE `users` ENABLE KEYS */;
UNLOCK TABLES;
/*!40103 SET TIME_ZONE=@OLD_TIME_ZONE */;

/*!40101 SET SQL_MODE=@OLD_SQL_MODE */;
/*!40014 SET FOREIGN_KEY_CHECKS=@OLD_FOREIGN_KEY_CHECKS */;
/*!40014 SET UNIQUE_CHECKS=@OLD_UNIQUE_CHECKS */;
/*!40101 SET CHARACTER_SET_CLIENT=@OLD_CHARACTER_SET_CLIENT */;
/*!40101 SET CHARACTER_SET_RESULTS=@OLD_CHARACTER_SET_RESULTS */;
/*!40101 SET COLLATION_CONNECTION=@OLD_COLLATION_CONNECTION */;
/*!40111 SET SQL_NOTES=@OLD_SQL_NOTES */;

-- Dump completed on 2025-03-13 11:58:05
